flight_id,flight_number,actual_flight_date,airline,status,delayed_flag,total_passengers,baggage_weight,bike_bags,revenue_from_baggage
AAAA01,BA1310,2023-04-29,BA,Scheduled,,154,2772,28,16867
AAAA02,BA499,2023-04-05,BA,Cancelled,,77,1386,560,40262
AAAA03,BA499,2023-05-07,BA,Scheduled,,0,0,0,0
AAAA04,BA504,2023-05-20,BA,Scheduled,,99,1782,18,18447
AAAA05,BA505,2023-04-05,BA,Cancelled,,326,5868,2360,163403
AAAA06,BA542,2023-05-07,BA,Scheduled,,372,6696,67,48765
AAAA07,BA542,2023-04-05,BA,Scheduled,,4,72,1,450
AAAA08,BA543,2023-04-05,BA,Cancelled,,163,2934,1160,78708
AAAA09,BA543,2023-04-29,BA,Scheduled,,135,2430,24,15158
AAAA10,BA544,2023-04-05,BA,Scheduled,,1,18,0,100
AAAA100,BA2359,2023-04-05,BA,Cancelled,,97,1746,680,43700
AAAA11,BA545,2023-04-05,BA,Cancelled,,101,1818,720,46006
AAAA12,BA608,2023-04-29,BA,Scheduled,,183,3294,33,19856
AAAA13,BA608,2023-04-05,BA,Scheduled,,0,0,0,0
AAAA14,BA631,2023-04-05,BA,Scheduled,,0,0,0,0
AAAA15,BA886,2023-04-05,BA,Cancelled,,65,1170,480,33644
AAAA16,BA1444,2023-04-05,BA,Scheduled,,0,0,0,0
AAAA17,BA1444,2023-04-05,BA,Scheduled,,170,3060,31,18503
AAAA18,BA1700,2023-04-05,BA,Cancelled,,23,414,160,10300
AAAA19,BA1702,2023-04-13,BA,Scheduled,,73,1314,13,7950
AAAA20,BA1705,2023-04-05,BA,Cancelled,,69,1242,480,30854
AAAA21,BA1706,2023-04-13,BA,Scheduled,,97,1746,17,10550
AAAA22,BA1707,2023-04-05,BA,Cancelled,,85,1530,600,38500
AAAA23,BA1709,2023-04-05,BA,Scheduled,,62,1116,11,6750
AAAA24,BA1712,2023-04-05,BA,Cancelled,,84,1512,600,38353
AAAA25,BA1716,2023-04-28,BA,Scheduled,,100,1800,18,10900
AAAA26,BA1722,2023-04-05,BA,Cancelled,,90,1620,640,40859
AAAA27,BA1723,2023-04-13,BA,Scheduled,,90,1620,16,9800
AAAA28,BA1729,2023-04-05,BA,Cancelled,,46,828,320,20600
AAAA29,BA1730,2023-04-28,BA,Scheduled,,35,630,6,3800
AAAA30,BA1738,2023-04-05,BA,Cancelled,,130,2340,920,59002
AAAA31,BA1371,2023-04-05,BA,Scheduled,,0,0,0,0
AAAA32,BA1371,2023-04-05,BA,Scheduled,,135,2430,24,14465
AAAA33,BA1374,2023-05-07,BA,Scheduled,,135,2430,24,14700
AAAA34,BA1377,2023-04-05,BA,Cancelled,,148,2664,1080,68612
AAAA35,BA1378,2023-04-05,BA,Scheduled,,145,2610,26,15962
AAAA36,BA1379,2023-04-05,BA,Cancelled,,135,2430,960,61353
AAAA37,BA1381,2023-04-28,BA,Scheduled,,106,1908,19,11456
AAAA38,BA1382,2023-04-05,BA,Cancelled,,107,1926,760,48700
AAAA39,BA1387,2023-04-05,BA,Cancelled,,88,1584,640,40706
AAAA40,BA1388,2023-04-05,BA,Scheduled,,95,1710,17,10303
AAAA41,BA1390,2023-04-28,BA,Scheduled,,77,1386,14,8400
AAAA42,BA1394,2023-04-05,BA,Cancelled,,68,1224,480,30706
AAAA43,BA1395,2023-05-20,BA,Scheduled,,71,1278,13,7750
AAAA44,BA1397,2023-05-20,BA,Scheduled,,90,1620,16,9916
AAAA45,BA1398,2023-04-05,BA,Cancelled,,87,1566,640,40512
AAAA46,BA1399,2023-04-05,BA,Scheduled,,89,1602,16,9653
AAAA47,BA1510,2023-04-05,BA,Scheduled,,127,2286,23,13803
AAAA48,BA1516,2023-04-05,BA,Cancelled,,96,1728,680,43412
AAAA49,BA1517,2023-04-05,BA,Scheduled,,70,1260,13,7650
AAAA50,BA1526,2023-04-05,BA,Cancelled,,97,1746,680,43559
AAAA51,BA1534,2023-05-07,BA,Scheduled,,87,1566,16,9453
AAAA52,BA1538,2023-04-05,BA,Cancelled,,98,1764,720,45753
AAAA53,BA1997,2023-04-13,BA,Scheduled,,161,2898,29,17268
AAAA54,BA2000,2023-04-05,BA,Cancelled,,159,2862,1160,73759
AAAA55,BA2001,2023-04-05,BA,Scheduled,,162,2916,29,17368
AAAA56,BA2002,2023-04-05,BA,Cancelled,,180,3240,1280,81671
AAAA57,BA2004,2023-04-05,BA,Scheduled,,105,1890,19,11215
AAAA58,BA2005,2023-04-05,BA,Cancelled,,71,1278,520,33112
AAAA59,BA2006,2023-05-07,BA,Scheduled,,132,2376,24,14353
AAAA60,BA2007,2023-04-05,BA,Cancelled,,174,3132,1240,79313
AAAA61,BA2008,2023-04-13,BA,Scheduled,,152,2736,27,16456
AAAA62,BA891,2023-04-05,BA,Cancelled,,188,3384,1360,87013
AAAA63,BA893,2023-04-05,BA,Scheduled,,0,0,0,1594
AAAA64,BA894,2023-04-05,BA,Cancelled,,277,4986,2000,129263
AAAA65,BA905,2023-04-29,BA,Scheduled,,264,4752,48,29995
AAAA66,BA905,2023-04-05,BA,Cancelled,,122,2196,880,61623
AAAA67,BA907,2023-04-05,BA,Scheduled,,0,0,0,464
AAAA68,BA922,2023-04-05,BA,Scheduled,,0,0,0,0
AAAA69,BA933,2023-04-05,BA,Scheduled,,0,0,0,0
AAAA70,BA935,2023-04-05,BA,Cancelled,,373,6714,2680,175471
AAAA71,BA948,2023-04-05,BA,Scheduled,,376,6768,68,45455
AAAA72,BA948,2023-04-05,BA,Cancelled,,191,3438,1360,103747
AAAA73,BA949,2023-04-05,BA,Scheduled,,0,0,0,0
AAAA74,BA949,2023-04-05,BA,Scheduled,,189,3402,34,31288
AAAA75,BA955,2023-04-05,BA,Scheduled,,0,0,0,0
AAAA76,BA631,2023-04-05,BA,Scheduled,,0,0,0,0
AAAA77,BA721,2023-04-05,BA,Scheduled,,0,0,0,0
AAAA78,BA1401,2023-04-05,BA,Cancelled,,98,1764,720,57092
AAAA79,BA1401,2023-04-05,BA,Cancelled,,54,972,400,25400
AAAA80,BA1739,2023-04-05,BA,Scheduled,,27,486,5,2950
AAAA81,BA1739,2023-04-13,BA,Scheduled,,116,2088,21,12556
AAAA82,BA1743,2023-04-05,BA,Cancelled,,113,2034,800,51112
AAAA83,BA1744,2023-05-07,BA,Scheduled,,54,972,10,5900
AAAA84,BA1748,2023-04-05,BA,Cancelled,,94,1692,680,43259
AAAA85,BA1752,2023-04-05,BA,Cancelled,,50,900,360,23000
AAAA86,BA1753,2023-04-13,BA,Scheduled,,56,1008,10,6053
AAAA87,BA1762,2023-04-05,BA,Cancelled,,62,1116,440,28106
AAAA88,BA1771,2023-04-05,BA,Cancelled,,97,1746,680,43606
AAAA89,BA1774,2023-04-05,BA,Cancelled,,93,1674,680,43253
AAAA90,BA1775,2023-05-20,BA,Scheduled,,96,1728,17,10450
AAAA91,BA1787,2023-04-05,BA,Scheduled,,36,648,6,3900
AAAA92,BA2338,2023-04-05,BA,Cancelled,,138,2484,1000,63659
AAAA93,BA2341,2023-04-05,BA,Scheduled,,48,864,9,5203
AAAA94,BA2342,2023-04-05,BA,Cancelled,,74,1332,520,33259
AAAA95,BA2343,2023-04-05,BA,Scheduled,,93,1674,17,10056
AAAA96,BA2349,2023-04-05,BA,Cancelled,,81,1458,600,38100
AAAA97,BA2351,2023-04-05,BA,Scheduled,,120,2160,22,12966
AAAA98,BA2354,2023-04-05,BA,Cancelled,,99,1782,720,45900
AAAA99,BA2355,2023-05-20,BA,Scheduled,,98,1764,18,10559
AAAA101,BA1748,2023-05-01,BA,Completed,N,97,6768,720,11456
AAAA102,BA922,2023-02-06,BA,Scheduled,,113,1566,1360,30706
AAAA103,BA948,2023-03-20,BA,Scheduled,,77,0,720,0
AAAA104,BA1775,2023-02-05,BA,Cancelled,,69,3132,680,63659
AAAA105,BA1388,2023-04-11,BA,Cancelled,,71,6768,920,59002
AAAA106,BA1382,2023-02-10,BA,Completed,N,99,1332,67,61353
AAAA107,BA949,2023-01-01,BA,Scheduled,,62,0,27,7750
AAAA108,BA1310,2023-01-30,BA,Completed,Y,98,2664,17,17368
AAAA109,BA1997,2023-04-06,BA,Scheduled,,0,1764,24,10450
AAAA110,BA935,2023-04-12,BA,Cancelled,,106,1764,24,20600
AAAA111,BA1787,2023-01-01,BA,Scheduled,,116,2916,520,10559
AAAA112,BA1738,2023-01-10,BA,Scheduled,,106,2286,0,13803
AAAA113,BA1739,2023-05-07,BA,Cancelled,,174,972,19,40262
AAAA114,BA1997,2023-02-25,BA,Cancelled,,71,0,1080,68612
AAAA115,BA2338,2023-04-12,BA,Scheduled,,71,1332,26,17268
AAAA116,BA935,2023-04-18,BA,Scheduled,,62,0,480,10303
AAAA117,BA1381,2023-05-09,BA,Completed,N,77,2736,18,0
AAAA118,BA499,2023-05-02,BA,Scheduled,,154,2286,31,45900
AAAA119,BA948,2023-02-23,BA,Completed,N,183,1170,24,68612
AAAA120,BA907,2023-04-08,BA,Completed,N,0,1620,800,9653
AAAA121,BA1729,2023-04-07,BA,Cancelled,,189,972,720,10303
AAAA122,BA949,2023-05-14,BA,Cancelled,,46,2664,1,16867
AAAA123,BA905,2023-02-28,BA,Cancelled,,71,2430,34,11215
AAAA124,BA1753,2023-04-22,BA,Cancelled,,74,6714,22,81671
AAAA125,BA1398,2023-02-20,BA,Cancelled,,62,972,18,61623
AAAA126,BA2342,2023-03-22,BA,Scheduled,,0,1332,16,15158
AAAA127,BA1748,2023-04-03,BA,Cancelled,,74,1332,760,10450
AAAA128,BA1374,2023-05-29,BA,Completed,N,65,0,480,7950
AAAA129,BA499,2023-04-09,BA,Cancelled,,69,3294,24,5900
AAAA130,BA2341,2023-03-18,BA,Completed,Y,373,2484,31,3800
AAAA131,BA893,2023-01-09,BA,Cancelled,,89,972,16,43606
AAAA132,BA2342,2023-03-18,BA,Completed,N,152,0,0,13803
AAAA133,BA1387,2023-05-12,BA,Cancelled,,373,1764,1240,43259
AAAA134,BA1444,2023-01-09,BA,Completed,N,89,0,0,163403
AAAA135,BA894,2023-03-01,BA,Completed,N,98,630,29,61623
AAAA136,BA2000,2023-03-06,BA,Scheduled,,373,1278,2680,46006
AAAA137,BA893,2023-05-10,BA,Scheduled,,161,0,2360,6053
AAAA138,BA1787,2023-06-06,BA,Cancelled,,0,2610,800,0
AAAA139,BA1394,2023-06-14,BA,Cancelled,,87,1458,9,10450
AAAA140,BA1382,2023-04-30,BA,Completed,Y,159,4986,600,129263
AAAA141,BA1753,2023-04-20,BA,Scheduled,,1,2736,17,16456
AAAA142,BA2006,2023-02-08,BA,Completed,N,135,2916,720,12556
AAAA143,BA1730,2023-05-01,BA,Cancelled,,148,3294,720,48700
AAAA144,BA2007,2023-05-16,BA,Cancelled,,135,1008,1280,61623
AAAA145,BA2006,2023-04-09,BA,Cancelled,,130,1566,680,163403
AAAA146,BA1771,2023-05-16,BA,Cancelled,,107,0,800,43412
AAAA147,BA2002,2023-03-20,BA,Cancelled,,69,1224,560,43412
AAAA148,BA1534,2023-04-23,BA,Scheduled,,113,1728,600,40859
AAAA149,BA1702,2023-05-24,BA,Cancelled,,0,1512,600,6750
AAAA150,BA1702,2023-05-04,BA,Cancelled,,0,1746,520,5203
AAAA151,BA2354,2023-03-21,BA,Cancelled,,116,0,0,10559
AAAA152,BA504,2023-05-05,BA,Completed,N,264,1386,2000,45753
AAAA153,BA1397,2023-02-06,BA,Scheduled,,65,630,17,31288
AAAA154,BA1378,2023-05-13,BA,Completed,N,0,6696,680,14353
AAAA155,BA955,2023-06-01,BA,Cancelled,,135,1458,0,28106
AAAA156,BA1787,2023-02-12,BA,Completed,N,27,3294,360,15158
AAAA157,BA1997,2023-03-25,BA,Cancelled,,68,1620,17,43259
AAAA158,BA1997,2023-03-04,BA,Cancelled,,77,1728,17,15962
AAAA159,BA505,2023-02-07,BA,Cancelled,,188,0,24,11215
AAAA160,BA1516,2023-03-27,BA,Scheduled,,105,1908,0,46006
AAAA161,BA1526,2023-03-17,BA,Completed,Y,0,1746,1360,10303
AAAA162,BA2338,2023-01-25,BA,Completed,N,372,0,33,12556
AAAA163,BA1397,2023-03-21,BA,Completed,N,93,3384,1,43253
AAAA164,BA2349,2023-04-04,BA,Cancelled,,106,1926,600,45753
AAAA165,BA2338,2023-05-25,BA,Completed,N,100,1170,2680,9653
AAAA166,BA1382,2023-01-31,BA,Cancelled,,50,3438,720,43559
AAAA167,BA545,2023-06-06,BA,Completed,Y,73,1278,18,87013
AAAA168,BA1729,2023-05-11,BA,Completed,Y,87,2430,0,14465
AAAA169,BA1762,2023-05-22,BA,Cancelled,,93,1566,800,163403
AAAA170,BA933,2023-03-25,BA,Scheduled,,0,2664,6,30706
AAAA171,BA499,2023-03-10,BA,Cancelled,,70,0,440,78708
AAAA172,BA1706,2023-01-05,BA,Scheduled,,191,1620,960,48765
AAAA173,BA2004,2023-04-26,BA,Cancelled,,96,0,13,63659
AAAA174,BA631,2023-02-01,BA,Scheduled,,99,3240,13,38500
AAAA175,BA1516,2023-03-17,BA,Cancelled,,77,1764,29,16456
AAAA176,BA1398,2023-03-15,BA,Completed,N,135,3132,680,45455
AAAA177,BA1753,2023-01-12,BA,Completed,N,0,1224,23,23000
AAAA178,BA1787,2023-05-23,BA,Scheduled,,85,1728,360,175471
AAAA179,BA545,2023-04-07,BA,Completed,N,372,2772,68,0
AAAA180,BA922,2023-05-20,BA,Completed,N,35,1692,2680,8400
AAAA181,BA545,2023-04-12,BA,Cancelled,,62,3384,800,103747
AAAA182,BA1738,2023-02-08,BA,Completed,N,189,1710,480,129263
AAAA183,BA721,2023-03-21,BA,Scheduled,,148,1782,18,175471
AAAA184,BA2001,2023-02-23,BA,Completed,N,163,4752,6,43259
AAAA185,BA1388,2023-04-02,BA,Completed,N,0,0,14,0
AAAA186,BA935,2023-02-25,BA,Cancelled,,161,2898,720,51112
AAAA187,BA949,2023-06-14,BA,Completed,N,48,3402,1160,30706
AAAA188,BA2000,2023-04-04,BA,Scheduled,,135,0,360,30854
AAAA189,BA1390,2023-02-01,BA,Scheduled,,93,1620,33,100
AAAA190,BA2000,2023-06-12,BA,Scheduled,,71,6714,0,7950
AAAA191,BA1997,2023-01-11,BA,Scheduled,,98,1746,26,38353
AAAA192,BA1444,2023-06-15,BA,Cancelled,,98,2772,34,8400
AAAA193,BA1534,2023-06-15,BA,Completed,N,0,6714,720,12966
AAAA194,BA1390,2023-05-31,BA,Cancelled,,97,3240,31,43559
AAAA195,BA905,2023-01-23,BA,Cancelled,,90,2772,11,175471
AAAA196,BA922,2023-01-15,BA,Completed,N,50,0,1160,51112
AAAA197,BA1377,2023-06-11,BA,Scheduled,,97,1170,1000,38100
AAAA198,BA1771,2023-02-06,BA,Completed,N,189,1116,1280,0
AAAA199,BA1387,2023-03-16,BA,Cancelled,,27,2088,29,81671
AAAA200,BA1381,2023-04-23,BA,Completed,N,97,1260,23,10900
AAAA201,BA721,2023-02-06,BA,Cancelled,,138,2430,0,59002
AAAA202,BA1709,2023-03-14,BA,Scheduled,,113,1764,680,38353
AAAA203,BA886,2023-03-29,BA,Completed,N,183,1746,400,10450
AAAA204,BA2002,2023-02-06,BA,Completed,N,0,972,16,3900
AAAA205,BA499,2023-03-07,BA,Completed,N,87,18,520,43559
AAAA206,BA505,2023-06-09,BA,Completed,N,0,1746,680,87013
AAAA207,BA2341,2023-05-20,BA,Completed,N,264,2430,19,33259
AAAA208,BA1397,2023-06-05,BA,Completed,N,0,2430,0,17268
AAAA209,BA504,2023-02-26,BA,Completed,Y,87,0,0,45753
AAAA210,BA2355,2023-03-14,BA,Cancelled,,0,2196,160,29995
AAAA211,BA1388,2023-05-11,BA,Completed,N,0,6714,19,38100
AAAA212,BA2355,2023-04-10,BA,Cancelled,,77,3240,320,29995
AAAA213,BA1382,2023-04-05,BA,Completed,N,70,972,22,11456
AAAA214,BA1387,2023-05-31,BA,Scheduled,,73,1764,6,1594
AAAA215,BA893,2023-03-31,BA,Scheduled,,277,72,1080,43253
AAAA216,BA1774,2023-05-18,BA,Completed,N,100,630,9,464
AAAA217,BA1390,2023-03-26,BA,Completed,N,0,2430,28,7650
AAAA218,BA1997,2023-04-04,BA,Cancelled,,0,1764,17,59002
AAAA219,BA2002,2023-01-11,BA,Completed,N,4,4752,13,10550
AAAA220,BA1744,2023-05-21,BA,Scheduled,,0,1602,640,61623
AAAA221,BA1743,2023-02-10,BA,Cancelled,,0,0,16,40262
AAAA222,BA1753,2023-03-06,BA,Scheduled,,376,2430,21,33259
AAAA223,BA2342,2023-03-06,BA,Scheduled,,56,1332,640,10300
AAAA224,BA893,2023-03-29,BA,Scheduled,,154,1764,960,129263
AAAA225,BA1390,2023-03-18,BA,Completed,N,96,1224,1360,45455
AAAA226,BA544,2023-05-05,BA,Completed,N,0,1710,16,10550
AAAA227,BA1398,2023-05-10,BA,Completed,N,0,3438,680,40859
AAAA228,BA2349,2023-06-11,BA,Cancelled,,191,1764,760,11456
AAAA229,BA2342,2023-03-14,BA,Scheduled,,180,2862,1,73759
AAAA230,BA1729,2023-05-18,BA,Cancelled,,0,1926,0,45455
AAAA231,BA2338,2023-04-07,BA,Cancelled,,154,6714,520,0
AAAA232,BA1398,2023-04-19,BA,Scheduled,,62,2772,720,3900
AAAA233,BA1709,2023-04-27,BA,Completed,N,0,1386,24,0
AAAA234,BA1390,2023-03-04,BA,Completed,Y,94,1242,13,129263
AAAA235,BA1729,2023-05-17,BA,Cancelled,,372,1692,10,45900
AAAA236,BA1395,2023-04-02,BA,Scheduled,,94,2664,1240,16867
AAAA237,BA1517,2023-04-06,BA,Completed,N,96,1224,16,16867
AAAA238,BA505,2023-02-13,BA,Completed,N,46,3132,22,43606
AAAA239,BA886,2023-01-28,BA,Cancelled,,145,1746,14,59002
AAAA240,BA949,2023-05-28,BA,Completed,N,0,2430,1360,19856
AAAA241,BA907,2023-01-18,BA,Completed,N,0,1512,920,1594
AAAA242,BA891,2023-01-07,BA,Cancelled,,0,1818,28,33644
AAAA243,BA1762,2023-05-12,BA,Scheduled,,96,2772,28,40706
AAAA244,BA504,2023-01-26,BA,Completed,N,188,72,0,11215
AAAA245,BA933,2023-01-27,BA,Cancelled,,99,1260,0,15158
AAAA246,BA1729,2023-04-03,BA,Cancelled,,94,1260,16,68612
AAAA247,BA933,2023-05-30,BA,Scheduled,,0,0,18,163403
AAAA248,BA2005,2023-03-31,BA,Scheduled,,101,972,680,100
AAAA249,BA2007,2023-02-02,BA,Completed,N,99,1530,480,14465
AAAA250,BA893,2023-05-01,BA,Cancelled,,135,2088,720,51112
AAAA251,BA948,2023-06-01,BA,Cancelled,,99,5868,17,6053
AAAA252,BA893,2023-01-10,BA,Scheduled,,161,1260,68,0
AAAA253,BA1762,2023-02-04,BA,Cancelled,,135,0,14,175471
AAAA254,BA1997,2023-02-13,BA,Cancelled,,277,1728,640,43259
AAAA255,BA1374,2023-02-14,BA,Cancelled,,62,2430,13,30706
AAAA256,BA2004,2023-01-15,BA,Cancelled,,99,1674,24,163403
AAAA257,BA1390,2023-03-11,BA,Scheduled,,100,1746,1280,38500
AAAA258,BA1706,2023-03-10,BA,Cancelled,,62,1512,640,15158
AAAA259,BA1702,2023-04-18,BA,Scheduled,,326,0,17,16867
AAAA260,BA922,2023-02-09,BA,Completed,N,0,4752,0,2950
AAAA261,BA1722,2023-01-11,BA,Cancelled,,145,1746,13,43259
AAAA262,BA1534,2023-03-03,BA,Completed,Y,98,3132,17,40512
AAAA263,BA1388,2023-05-02,BA,Cancelled,,162,1566,680,40262
AAAA264,BA949,2023-01-06,BA,Cancelled,,74,2610,520,43259
AAAA265,BA1394,2023-01-24,BA,Cancelled,,54,6714,13,51112
AAAA266,BA1729,2023-03-28,BA,Cancelled,,159,1926,640,23000
AAAA267,BA1707,2023-02-06,BA,Completed,N,94,1764,24,19856
AAAA268,BA1378,2023-01-23,BA,Cancelled,,0,1782,48,7750
AAAA269,BA499,2023-02-21,BA,Scheduled,,0,1800,13,87013
AAAA270,BA1771,2023-02-16,BA,Scheduled,,0,6768,400,10559
AAAA271,BA1997,2023-04-14,BA,Cancelled,,62,1530,29,48765
AAAA272,BA1388,2023-03-13,BA,Scheduled,,77,0,22,2950
AAAA273,BA499,2023-02-17,BA,Completed,N,120,2034,600,14353
AAAA274,BA1723,2023-04-23,BA,Cancelled,,84,2430,17,87013
AAAA275,BA1774,2023-03-24,BA,Scheduled,,93,6714,0,0
AAAA276,BA2008,2023-04-24,BA,Cancelled,,4,1602,960,15962
AAAA277,BA2359,2023-05-26,BA,Scheduled,,4,2376,17,17368
AAAA278,BA948,2023-05-18,BA,Completed,N,0,1458,640,33112
AAAA279,BA948,2023-02-06,BA,Cancelled,,62,1746,2360,45900
AAAA280,BA1390,2023-06-09,BA,Completed,N,161,5868,28,7750
AAAA281,BA1707,2023-04-22,BA,Completed,N,159,3132,1160,129263
AAAA282,BA2349,2023-04-15,BA,Scheduled,,100,0,24,31288
AAAA283,BA1374,2023-06-15,BA,Completed,N,81,1674,16,20600
AAAA284,BA1382,2023-04-21,BA,Scheduled,,87,2034,680,2950
AAAA285,BA631,2023-03-29,BA,Cancelled,,96,864,16,8400
AAAA286,BA2341,2023-01-26,BA,Cancelled,,188,1458,26,17268
AAAA287,BA545,2023-06-01,BA,Completed,N,48,1566,0,0
AAAA288,BA922,2023-03-26,BA,Cancelled,,99,2862,720,33259
AAAA289,BA1401,2023-04-12,BA,Cancelled,,127,1800,680,28106
AAAA290,BA1382,2023-03-18,BA,Scheduled,,372,3294,29,10550
AAAA291,BA1722,2023-06-05,BA,Cancelled,,98,972,29,0
AAAA292,BA1753,2023-02-26,BA,Completed,N,4,1260,1,15962
AAAA293,BA2004,2023-03-10,BA,Cancelled,,88,2610,600,0
AAAA294,BA933,2023-05-08,BA,Scheduled,,36,2484,11,10450
AAAA295,BA1390,2023-03-19,BA,Scheduled,,127,1764,1,43700
AAAA296,BA1398,2023-03-22,BA,Cancelled,,127,0,26,17268
AAAA297,BA1390,2023-02-18,BA,Cancelled,,46,2430,29,10303
AAAA298,BA1730,2023-02-15,BA,Completed,Y,0,1314,33,11215
AAAA299,BA1381,2023-04-14,BA,Scheduled,,90,1566,16,100
AAAA300,BA1390,2023-05-15,BA,Cancelled,,97,3402,680,45455
AAAA301,BA543,2023-02-23,BA,Completed,N,326,1566,720,28106
AAAA302,BA1510,2023-01-12,BA,Scheduled,,277,6768,440,464
AAAA303,BA1762,2023-05-24,BA,Completed,N,135,6714,18,78708
AAAA304,BA1390,2023-03-14,BA,Cancelled,,77,1908,0,12556
AAAA305,BA1387,2023-06-06,BA,Cancelled,,135,1278,48,10550
AAAA306,BA1705,2023-01-12,BA,Cancelled,,98,6768,0,103747
AAAA307,BA2341,2023-04-04,BA,Scheduled,,74,1332,34,40512
AAAA308,BA543,2023-05-17,BA,Cancelled,,84,2664,0,51112
AAAA309,BA2343,2023-05-06,BA,Completed,N,264,1278,13,81671
AAAA310,BA1382,2023-02-03,BA,Scheduled,,148,2772,880,40859
AAAA311,BA1517,2023-01-27,BA,Cancelled,,0,1386,0,73759
AAAA312,BA1510,2023-04-19,BA,Completed,N,277,1116,0,12556
AAAA313,BA948,2023-05-30,BA,Scheduled,,93,3294,600,19856
AAAA314,BA955,2023-03-24,BA,Scheduled,,1,1620,14,0
AAAA315,BA891,2023-01-17,BA,Scheduled,,85,2034,24,79313
AAAA316,BA2008,2023-04-28,BA,Scheduled,,27,1314,16,18447
AAAA317,BA1310,2023-01-18,BA,Scheduled,,163,0,10,30706
AAAA318,BA608,2023-01-10,BA,Completed,N,77,1332,2680,2950
AAAA319,BA1378,2023-02-28,BA,Cancelled,,183,3402,14,17368
AAAA320,BA1382,2023-05-17,BA,Completed,N,1,1764,22,10303
AAAA321,BA891,2023-06-13,BA,Completed,N,0,1116,760,11215
AAAA322,BA2341,2023-04-18,BA,Completed,Y,264,0,5,14700
AAAA323,BA2354,2023-03-21,BA,Cancelled,,373,828,18,33112
AAAA324,BA2001,2023-05-08,BA,Scheduled,,174,1008,0,18447
AAAA325,BA907,2023-03-11,BA,Cancelled,,138,0,29,33259
AAAA326,BA2007,2023-04-16,BA,Cancelled,,135,3132,680,33112
AAAA327,BA948,2023-02-12,BA,Scheduled,,95,1260,1160,17368
AAAA328,BA1723,2023-06-04,BA,Scheduled,,191,0,17,10300
AAAA329,BA2355,2023-05-31,BA,Cancelled,,99,2898,26,12966
AAAA330,BA1738,2023-01-25,BA,Cancelled,,135,1566,0,57092
AAAA331,BA1390,2023-04-21,BA,Cancelled,,326,1584,1160,1594
AAAA332,BA543,2023-03-02,BA,Scheduled,,56,1746,920,5203
AAAA333,BA1387,2023-04-13,BA,Scheduled,,97,1908,640,87013
AAAA334,BA1712,2023-02-12,BA,Scheduled,,74,0,600,0
AAAA335,BA1398,2023-05-11,BA,Scheduled,,70,2610,520,40262
AAAA336,BA1390,2023-06-11,BA,Cancelled,,35,1458,0,0
AAAA337,BA955,2023-03-23,BA,Completed,N,0,1566,960,7650
AAAA338,BA499,2023-01-23,BA,Cancelled,,98,6768,0,3800
AAAA339,BA1382,2023-02-08,BA,Scheduled,,0,1890,640,40859
AAAA340,BA1398,2023-03-07,BA,Cancelled,,154,2088,440,57092
AAAA341,BA1729,2023-01-13,BA,Completed,N,161,6768,0,79313
AAAA342,BA2004,2023-02-15,BA,Scheduled,,95,1566,24,20600
AAAA343,BA955,2023-02-08,BA,Completed,N,94,5868,1080,40706
AAAA344,BA631,2023-02-01,BA,Scheduled,,62,2862,160,12966
AAAA345,BA1787,2023-01-04,BA,Scheduled,,56,1620,1240,10303
AAAA346,BA1371,2023-06-03,BA,Cancelled,,94,1818,29,33259
AAAA347,BA2004,2023-02-02,BA,Completed,N,0,2430,2000,38353
AAAA348,BA2359,2023-01-10,BA,Completed,N,159,3060,2000,30854
AAAA349,BA1390,2023-01-08,BA,Cancelled,,161,2160,680,10900
AAAA350,BA893,2023-02-07,BA,Scheduled,,116,2160,0,129263
AAAA351,BA1729,2023-03-01,BA,Completed,N,96,1278,680,10450
AAAA352,BA1398,2023-05-16,BA,Completed,Y,376,0,600,19856
AAAA353,BA1787,2023-01-04,BA,Cancelled,,98,2160,0,464
AAAA354,BA1390,2023-03-22,BA,Scheduled,,68,1620,0,5203
AAAA355,BA505,2023-04-25,BA,Cancelled,,94,0,0,0
AAAA356,BA1762,2023-06-05,BA,Scheduled,,159,0,680,48765
AAAA357,BA2359,2023-02-05,BA,Scheduled,,113,1746,2000,40512
AAAA358,BA955,2023-04-20,BA,Completed,N,84,2484,0,100
AAAA359,BA1739,2023-03-13,BA,Scheduled,,0,72,480,79313
AAAA360,BA1723,2023-04-23,BA,Cancelled,,162,1746,18,87013
AAAA361,BA1707,2023-01-23,BA,Completed,N,48,1674,11,18503
AAAA362,BA2343,2023-06-04,BA,Completed,N,96,2916,68,43259
AAAA363,BA905,2023-04-28,BA,Scheduled,,277,1746,17,45455
AAAA364,BA2006,2023-06-01,BA,Scheduled,,0,6714,360,0
AAAA365,BA1738,2023-03-09,BA,Completed,N,188,1332,17,11456
AAAA366,BA1709,2023-06-15,BA,Scheduled,,170,6714,1080,163403
AAAA367,BA2338,2023-04-05,BA,Completed,N,98,2934,6,28106
AAAA368,BA1516,2023-01-05,BA,Completed,N,191,1620,360,45900
AAAA369,BA894,2023-01-17,BA,Scheduled,,0,1782,440,464
AAAA370,BA1748,2023-04-27,BA,Cancelled,,100,0,720,45753
AAAA371,BA1753,2023-03-06,BA,Scheduled,,81,6768,1000,48765
AAAA372,BA933,2023-03-11,BA,Completed,Y,90,972,18,45753
AAAA373,BA499,2023-02-26,BA,Cancelled,,264,2196,2360,0
AAAA374,BA1752,2023-02-06,BA,Cancelled,,127,1710,0,2950
AAAA375,BA1775,2023-06-02,BA,Scheduled,,183,3438,640,0
AAAA376,BA891,2023-03-18,BA,Cancelled,,127,1116,1160,40706
AAAA377,BA2001,2023-05-21,BA,Completed,N,135,1278,160,57092
AAAA378,BA1722,2023-02-10,BA,Cancelled,,0,3240,0,12556
AAAA379,BA1538,2023-04-11,BA,Cancelled,,0,2916,960,48700
AAAA380,BA2005,2023-01-02,BA,Scheduled,,180,2898,24,81671
AAAA381,BA545,2023-04-27,BA,Cancelled,,183,1746,22,40262
AAAA382,BA1716,2023-02-10,BA,Completed,N,70,972,1360,40512
AAAA383,BA1394,2023-04-10,BA,Completed,N,135,0,29,73759
AAAA384,BA1371,2023-05-30,BA,Completed,N,148,1566,2360,33112
AAAA385,BA2341,2023-02-11,BA,Completed,N,4,1674,0,10300
AAAA386,BA504,2023-01-20,BA,Cancelled,,105,0,1160,43412
AAAA387,BA1388,2023-05-08,BA,Completed,N,0,2430,1360,40512
AAAA388,BA2342,2023-02-15,BA,Completed,Y,50,3060,0,43559
AAAA389,BA1516,2023-02-03,BA,Scheduled,,84,0,0,25400
AAAA390,BA886,2023-02-04,BA,Cancelled,,65,1800,560,43412
AAAA391,BA608,2023-03-17,BA,Cancelled,,0,0,17,23000
AAAA392,BA1700,2023-05-19,BA,Completed,N,0,4986,160,17368
AAAA393,BA2000,2023-01-20,BA,Scheduled,,135,6768,23,43253
AAAA394,BA504,2023-01-15,BA,Cancelled,,122,1566,29,10450
AAAA395,BA949,2023-01-18,BA,Scheduled,,97,2088,680,43700
AAAA396,BA2008,2023-04-13,BA,Cancelled,,101,4986,0,43606
AAAA397,BA2001,2023-02-14,BA,Completed,N,68,1728,720,0
AAAA398,BA2007,2023-01-23,BA,Completed,N,106,2430,6,0
AAAA399,BA545,2023-06-11,BA,Cancelled,,189,1566,24,25400
AAAA400,BA1744,2023-03-13,BA,Completed,N,95,1620,160,38500
AAAA401,BA1716,2023-03-05,BA,Cancelled,,152,3384,29,79313
AAAA402,BA2002,2023-03-23,BA,Scheduled,,96,1746,0,68612
AAAA403,BA1723,2023-05-30,BA,Scheduled,,0,2376,28,10450
AAAA404,BA543,2023-02-23,BA,Completed,N,97,0,680,464
AAAA405,BA1371,2023-03-19,BA,Cancelled,,113,2430,320,175471
AAAA406,BA1700,2023-04-06,BA,Scheduled,,65,1692,0,16456
AAAA407,BA1723,2023-01-01,BA,Completed,N,189,1764,23,31288
AAAA408,BA1774,2023-02-01,BA,Scheduled,,93,1386,440,16456
AAAA409,BA545,2023-04-06,BA,Cancelled,,145,0,68,48765
AAAA410,BA1739,2023-06-11,BA,Scheduled,,0,1584,17,10559
AAAA411,BA1516,2023-03-01,BA,Completed,N,89,2430,600,17268
AAAA412,BA1388,2023-01-08,BA,Completed,Y,94,1116,17,175471
AAAA413,BA1744,2023-06-07,BA,Cancelled,,183,72,640,100
AAAA414,BA2351,2023-02-24,BA,Scheduled,,170,828,24,14353
AAAA415,BA1997,2023-01-10,BA,Cancelled,,98,4752,1080,30854
AAAA416,BA1390,2023-01-23,BA,Completed,N,152,2430,18,40512
AAAA417,BA2349,2023-01-17,BA,Cancelled,,0,1728,16,33644
AAAA418,BA1399,2023-03-06,BA,Cancelled,,130,1620,680,48765
AAAA419,BA505,2023-01-23,BA,Cancelled,,27,1674,480,45753
AAAA420,BA721,2023-04-07,BA,Scheduled,,93,1386,24,3800
AAAA421,BA1775,2023-03-13,BA,Cancelled,,71,2160,18,19856
AAAA422,BA721,2023-02-08,BA,Completed,N,27,1926,19,0
AAAA423,BA1774,2023-02-27,BA,Cancelled,,99,0,48,103747
AAAA424,BA1310,2023-05-31,BA,Cancelled,,0,1620,0,40262
AAAA425,BA1516,2023-05-27,BA,Cancelled,,138,0,5,61353
AAAA426,BA1374,2023-03-11,BA,Scheduled,,94,1908,680,9916
AAAA427,BA1712,2023-05-01,BA,Cancelled,,107,864,13,48765
AAAA428,BA1700,2023-04-03,BA,Scheduled,,99,1800,1080,45753
AAAA429,BA2355,2023-03-23,BA,Completed,N,27,2610,13,7750
AAAA430,BA1379,2023-04-19,BA,Completed,N,0,0,13,57092
AAAA431,BA2354,2023-05-25,BA,Scheduled,,159,1764,0,100
AAAA432,BA504,2023-01-14,BA,Scheduled,,189,3060,31,45455
AAAA433,BA2338,2023-02-26,BA,Scheduled,,105,2898,1160,10900
AAAA434,BA893,2023-02-22,BA,Cancelled,,0,648,0,43700
AAAA435,BA1774,2023-01-30,BA,Scheduled,,99,4752,29,23000
AAAA436,BA1398,2023-03-14,BA,Cancelled,,106,0,1080,38500
AAAA437,BA1394,2023-02-12,BA,Completed,N,191,1782,13,0
AAAA438,BA1398,2023-02-08,BA,Cancelled,,74,4986,17,43253
AAAA439,BA504,2023-02-02,BA,Scheduled,,77,0,18,163403
AAAA440,BA905,2023-04-20,BA,Cancelled,,105,2484,1360,5900
AAAA441,BA1388,2023-05-17,BA,Completed,Y,122,0,68,87013
AAAA442,BA1371,2023-04-22,BA,Scheduled,,120,2286,13,2950
AAAA443,BA1787,2023-05-19,BA,Completed,N,73,72,16,13803
AAAA444,BA2355,2023-05-31,BA,Cancelled,,135,1728,1000,79313
AAAA445,BA1722,2023-04-26,BA,Scheduled,,189,972,0,15158
AAAA446,BA505,2023-05-31,BA,Scheduled,,98,1260,0,46006
AAAA447,BA1730,2023-04-27,BA,Scheduled,,152,1386,0,129263
AAAA448,BA505,2023-04-13,BA,Cancelled,,71,0,680,38500
AAAA449,BA721,2023-06-05,BA,Scheduled,,27,1764,10,7750
AAAA450,BA1716,2023-02-02,BA,Cancelled,,0,1692,480,10559
AAAA451,BA891,2023-01-24,BA,Cancelled,,145,1332,680,14700
AAAA452,BA2000,2023-04-18,BA,Completed,N,0,972,1360,14700
AAAA453,BA1526,2023-01-25,BA,Cancelled,,54,0,920,78708
AAAA454,BA1730,2023-03-02,BA,Scheduled,,97,18,22,464
AAAA455,BA1702,2023-03-17,BA,Cancelled,,97,1782,1,38500
AAAA456,BA1395,2023-05-03,BA,Cancelled,,0,0,800,163403
AAAA457,BA1398,2023-03-13,BA,Scheduled,,88,1116,19,59002
AAAA458,BA1748,2023-06-12,BA,Cancelled,,326,0,0,0
AAAA459,BA1382,2023-04-26,BA,Cancelled,,99,2484,0,40706
AAAA460,BA1729,2023-06-07,BA,Cancelled,,98,6696,680,30854
AAAA461,BA894,2023-05-13,BA,Cancelled,,84,2916,9,33259
AAAA462,BA1729,2023-03-02,BA,Scheduled,,0,2088,0,29995
AAAA463,BA1538,2023-01-08,BA,Completed,N,101,972,1280,14353
AAAA464,BA1753,2023-03-06,BA,Cancelled,,90,0,16,0
AAAA465,BA955,2023-03-29,BA,Cancelled,,0,0,24,17368
AAAA466,BA955,2023-04-05,BA,Scheduled,,54,828,160,13803
AAAA467,BA2000,2023-06-15,BA,Cancelled,,46,486,440,13803
AAAA468,BA891,2023-04-30,BA,Scheduled,,0,0,1360,43259
AAAA469,BA1702,2023-01-19,BA,Scheduled,,0,1890,1240,48700
AAAA470,BA933,2023-04-21,BA,Completed,N,50,1386,18,100
AAAA471,BA1716,2023-06-10,BA,Completed,N,116,414,10,175471
AAAA472,BA1381,2023-05-13,BA,Scheduled,,277,2430,920,175471
AAAA473,BA1729,2023-05-19,BA,Scheduled,,0,1566,2680,33259
AAAA474,BA1702,2023-06-02,BA,Cancelled,,50,6714,1,0
AAAA475,BA545,2023-04-19,BA,Scheduled,,145,828,33,11456
AAAA476,BA2359,2023-05-26,BA,Cancelled,,116,1566,360,78708
AAAA477,BA2341,2023-04-20,BA,Completed,N,74,1908,600,43253
AAAA478,BA1744,2023-03-11,BA,Completed,Y,65,1116,17,0
AAAA479,BA2359,2023-03-04,BA,Scheduled,,90,3132,27,43700
AAAA480,BA2007,2023-01-01,BA,Scheduled,,97,4752,0,33644
AAAA481,BA1729,2023-03-01,BA,Scheduled,,191,0,31,17368
AAAA482,BA1517,2023-01-18,BA,Scheduled,,27,900,1360,43700
AAAA483,BA1729,2023-01-02,BA,Completed,N,62,0,640,15962
AAAA484,BA894,2023-01-19,BA,Scheduled,,84,648,600,33259
AAAA485,BA1399,2023-04-19,BA,Scheduled,,107,0,680,73759
AAAA486,BA1371,2023-02-22,BA,Completed,N,68,1764,19,45900
AAAA487,BA1738,2023-03-08,BA,Completed,N,99,6768,22,5203
AAAA488,BA907,2023-04-14,BA,Completed,N,73,2610,27,175471
AAAA489,BA2004,2023-01-22,BA,Scheduled,,81,648,0,43559
AAAA490,BA2342,2023-02-04,BA,Scheduled,,77,1692,800,10559
AAAA491,BA1706,2023-03-09,BA,Scheduled,,93,3402,24,31288
AAAA492,BA1774,2023-03-30,BA,Cancelled,,1,6696,31,40512
AAAA493,BA2354,2023-01-29,BA,Cancelled,,373,1674,0,0
AAAA494,BA1390,2023-05-23,BA,Completed,N,77,4986,0,68612
AAAA495,BA1395,2023-02-06,BA,Scheduled,,0,6768,48,0
AAAA496,BA2351,2023-06-13,BA,Scheduled,,148,1278,0,0
AAAA497,BA499,2023-03-20,BA,Scheduled,,98,2430,480,40512
AAAA498,BA1379,2023-06-02,BA,Scheduled,,373,1224,800,29995
AAAA499,BA1379,2023-04-05,BA,Cancelled,,94,2430,13,464
AAAA500,BA1378,2023-05-08,BA,Scheduled,,159,1782,11,7750
AAAA501,BA545,2023-01-01,BA,Cancelled,,88,2430,0,46006
AAAA502,BA1752,2023-03-19,BA,Cancelled,,85,1602,0,10550
AAAA503,BA1517,2023-04-19,BA,Cancelled,,135,1278,26,40859
AAAA504,BA955,2023-03-02,BA,Scheduled,,138,6768,24,43412
AAAA505,BA1510,2023-06-14,BA,Cancelled,,0,1314,68,78708
AAAA506,BA893,2023-04-14,BA,Cancelled,,372,864,1,73759
AAAA507,BA1510,2023-05-14,BA,Cancelled,,99,1818,0,7950
AAAA508,BA2005,2023-02-26,BA,Scheduled,,130,2934,520,59002
AAAA509,BA1378,2023-03-10,BA,Scheduled,,127,1764,0,18503
AAAA510,BA2002,2023-03-04,BA,Completed,N,0,0,17,9800
AAAA511,BA933,2023-01-03,BA,Cancelled,,1,3294,1000,45900
AAAA512,BA1702,2023-03-05,BA,Scheduled,,0,828,0,14700
AAAA513,BA948,2023-05-07,BA,Cancelled,,0,2376,34,33259
AAAA514,BA1723,2023-01-25,BA,Completed,Y,27,1116,720,12556
AAAA515,BA1517,2023-01-04,BA,Cancelled,,191,2430,680,30854
AAAA516,BA1762,2023-04-05,BA,Scheduled,,95,1746,1280,81671
AAAA517,BA1444,2023-03-03,BA,Scheduled,,85,1746,680,14353
AAAA518,BA542,2023-03-22,BA,Cancelled,,54,2916,0,17268
AAAA519,BA2005,2023-02-25,BA,Cancelled,,35,2376,1280,30854
AAAA520,BA1748,2023-04-28,BA,Scheduled,,191,2034,0,40859
AAAA521,BA1787,2023-02-22,BA,Completed,N,326,2430,920,17268
AAAA522,BA1516,2023-03-03,BA,Completed,N,174,1800,27,29995
AAAA523,BA1534,2023-05-11,BA,Cancelled,,0,1242,640,48765
AAAA524,BA1748,2023-02-17,BA,Completed,N,113,1242,440,46006
AAAA525,BA1762,2023-01-12,BA,Cancelled,,0,1620,17,464
AAAA526,BA1775,2023-04-20,BA,Completed,N,48,0,0,16456
AAAA527,BA955,2023-02-28,BA,Cancelled,,93,1746,680,40706
AAAA528,BA1705,2023-04-23,BA,Scheduled,,93,3132,720,0
AAAA529,BA1379,2023-03-07,BA,Cancelled,,154,2340,720,10550
AAAA530,BA2001,2023-02-22,BA,Cancelled,,135,1692,440,45455
AAAA531,BA2007,2023-05-25,BA,Scheduled,,90,1620,48,2950
AAAA532,BA1390,2023-01-05,BA,Cancelled,,54,1386,0,33259
AAAA533,BA1538,2023-04-20,BA,Completed,N,4,2376,0,14353
AAAA534,BA1526,2023-01-14,BA,Completed,N,189,2772,640,18503
AAAA535,BA1394,2023-05-17,BA,Cancelled,,0,1314,27,45753
AAAA536,BA1379,2023-04-01,BA,Scheduled,,93,0,1080,14465
AAAA537,BA1700,2023-04-04,BA,Scheduled,,0,2484,18,33112
AAAA538,BA1730,2023-04-03,BA,Scheduled,,23,1512,9,3900
AAAA539,BA2004,2023-01-05,BA,Scheduled,,99,1764,720,14465
AAAA540,BA2341,2023-04-05,BA,Scheduled,,95,1584,720,2950
AAAA541,BA948,2023-04-14,BA,Completed,Y,97,1746,17,16867
AAAA542,BA1526,2023-04-25,BA,Completed,N,98,0,2000,23000
AAAA543,BA949,2023-06-15,BA,Scheduled,,0,6768,560,0
AAAA544,BA1712,2023-02-26,BA,Scheduled,,113,1602,13,18503
AAAA545,BA1712,2023-01-26,BA,Cancelled,,138,1242,1160,11456
AAAA546,BA935,2023-06-12,BA,Cancelled,,93,1926,400,0
AAAA547,BA2000,2023-06-12,BA,Cancelled,,0,2430,1280,25400
AAAA548,BA2359,2023-06-05,BA,Cancelled,,56,72,520,464
AAAA549,BA2000,2023-02-04,BA,Scheduled,,88,1746,24,31288
AAAA550,BA1395,2023-05-23,BA,Cancelled,,97,1566,0,10559
AAAA551,BA1753,2023-03-06,BA,Cancelled,,174,1674,48,0
AAAA552,BA1706,2023-04-14,BA,Scheduled,,89,2430,520,61623
AAAA553,BA2002,2023-01-30,BA,Scheduled,,105,2484,1240,0
AAAA554,BA1387,2023-01-30,BA,Cancelled,,77,2376,2360,18447
AAAA555,BA2007,2023-05-13,BA,Scheduled,,135,2916,9,61353
AAAA556,BA1381,2023-02-19,BA,Cancelled,,277,0,720,68612
AAAA557,BA1743,2023-05-09,BA,Scheduled,,326,2862,960,31288
AAAA558,BA1374,2023-04-26,BA,Scheduled,,96,0,1280,163403
AAAA559,BA505,2023-02-01,BA,Cancelled,,188,414,1080,3900
AAAA560,BA893,2023-04-19,BA,Cancelled,,74,3060,600,163403
AAAA561,BA2001,2023-01-17,BA,Completed,N,373,1746,800,0
AAAA562,BA1744,2023-01-30,BA,Cancelled,,189,0,0,14700
AAAA563,BA1723,2023-02-02,BA,Scheduled,,135,1692,13,10056
AAAA564,BA1702,2023-02-18,BA,Completed,N,62,2430,0,30706
AAAA565,BA2342,2023-01-08,BA,Completed,N,99,2160,680,33259
AAAA566,BA1712,2023-05-13,BA,Scheduled,,54,0,680,17368
AAAA567,BA893,2023-05-25,BA,Completed,N,138,1908,10,0
AAAA568,BA2342,2023-04-19,BA,Scheduled,,73,1278,24,23000
AAAA569,BA1707,2023-04-22,BA,Completed,N,0,3438,11,175471
AAAA570,BA907,2023-01-21,BA,Completed,N,77,1386,720,48765
AAAA571,BA1401,2023-03-17,BA,Scheduled,,36,1332,1240,40512
AAAA572,BA1378,2023-05-10,BA,Scheduled,,65,1170,920,9916
AAAA573,BA1381,2023-04-12,BA,Cancelled,,97,1674,21,0
AAAA574,BA1382,2023-02-09,BA,Scheduled,,87,1458,1360,5203
AAAA575,BA1310,2023-05-23,BA,Completed,N,100,1332,520,46006
AAAA576,BA1997,2023-02-14,BA,Cancelled,,132,1746,19,10559
AAAA577,BA1712,2023-02-01,BA,Completed,Y,148,2430,920,16456
AAAA578,BA955,2023-01-27,BA,Scheduled,,106,4752,2000,29995
AAAA579,BA1730,2023-05-29,BA,Cancelled,,27,2430,0,12556
AAAA580,BA1700,2023-01-12,BA,Completed,N,191,1386,0,33259
AAAA581,BA1702,2023-01-21,BA,Completed,N,163,414,28,61353
AAAA582,BA544,2023-01-18,BA,Scheduled,,161,0,640,14353
AAAA583,BA1379,2023-03-12,BA,Scheduled,,88,1764,1080,0
AAAA584,BA1510,2023-03-07,BA,Cancelled,,189,0,480,10550
AAAA585,BA893,2023-05-21,BA,Completed,N,74,1746,18,11215
AAAA586,BA1775,2023-05-02,BA,Completed,N,100,1782,0,10300
AAAA587,BA1705,2023-02-03,BA,Scheduled,,50,3060,29,43259
AAAA588,BA1706,2023-06-11,BA,Scheduled,,56,1620,680,23000
AAAA589,BA1526,2023-01-12,BA,Completed,N,62,2664,160,18503
AAAA590,BA2351,2023-06-13,BA,Completed,N,93,1170,17,33259
AAAA591,BA1774,2023-01-07,BA,Completed,N,376,2196,24,7750
AAAA592,BA1510,2023-06-04,BA,Completed,N,88,972,1360,73759
AAAA593,BA1997,2023-01-30,BA,Cancelled,,0,2736,480,0
AAAA594,BA1729,2023-05-27,BA,Completed,Y,0,1602,21,464
AAAA595,BA2343,2023-01-01,BA,Cancelled,,107,3240,13,79313
AAAA596,BA1388,2023-03-11,BA,Cancelled,,0,0,2000,0
AAAA597,BA1517,2023-01-13,BA,Completed,N,89,2376,17,31288
AAAA598,BA1762,2023-01-04,BA,Scheduled,,73,1782,0,9453
AAAA599,BA1517,2023-05-23,BA,Cancelled,,77,414,16,73759
AAAA600,BA1398,2023-02-02,BA,Completed,N,87,0,640,15158
AAAA601,BA1517,2023-04-07,BA,Completed,N,50,414,760,129263
AAAA602,BA1381,2023-03-06,BA,Completed,N,0,3132,16,0
AAAA603,BA1526,2023-03-21,BA,Scheduled,,69,1746,760,0
AAAA604,BA886,2023-03-13,BA,Scheduled,,48,1116,0,28106
AAAA605,BA504,2023-01-17,BA,Scheduled,,159,1728,760,38500
AAAA606,BA1379,2023-04-17,BA,Cancelled,,326,4986,480,30854
AAAA607,BA1387,2023-02-01,BA,Scheduled,,107,1332,0,40512
AAAA608,BA1538,2023-06-12,BA,Completed,N,107,972,19,12966
AAAA609,BA1371,2023-03-23,BA,Completed,N,27,1782,28,10303
AAAA610,BA542,2023-05-14,BA,Scheduled,,376,0,9,33644
AAAA611,BA1738,2023-06-05,BA,Completed,N,105,1530,560,9916
AAAA612,BA499,2023-04-10,BA,Cancelled,,98,1674,400,103747
AAAA613,BA935,2023-06-11,BA,Completed,N,27,1746,16,9653
AAAA614,BA1394,2023-06-13,BA,Completed,N,84,0,21,38500
AAAA615,BA2354,2023-06-14,BA,Cancelled,,69,1818,680,43253
AAAA616,BA1388,2023-04-02,BA,Completed,N,159,1764,0,11215
AAAA617,BA1738,2023-05-15,BA,Cancelled,,1,6714,24,10056
AAAA618,BA1310,2023-04-18,BA,Cancelled,,62,2484,680,14700
AAAA619,BA1399,2023-04-06,BA,Cancelled,,0,4986,0,40262
AAAA620,BA1787,2023-03-16,BA,Scheduled,,0,972,1000,40706
AAAA621,BA545,2023-01-23,BA,Scheduled,,65,1746,29,0
AAAA622,BA1397,2023-04-01,BA,Cancelled,,77,3402,16,30706
AAAA623,BA1390,2023-05-13,BA,Completed,N,0,1746,22,10303
AAAA624,BA2342,2023-01-10,BA,Completed,N,90,3240,160,46006
AAAA625,BA1399,2023-03-12,BA,Completed,N,81,1008,2000,163403
AAAA626,BA1762,2023-03-19,BA,Scheduled,,81,1728,16,17368
AAAA627,BA1374,2023-06-11,BA,Completed,N,122,2088,2680,68612
AAAA628,BA1705,2023-02-27,BA,Completed,N,135,2916,33,0
AAAA629,BA1388,2023-04-06,BA,Scheduled,,376,1764,960,43253
AAAA630,BA1753,2023-05-06,BA,Scheduled,,188,828,31,40262
AAAA631,BA2341,2023-04-15,BA,Scheduled,,163,1512,9,5203
AAAA632,BA907,2023-01-17,BA,Scheduled,,277,1458,680,48700
AAAA633,BA1738,2023-01-22,BA,Cancelled,,138,900,520,20600
AAAA634,BA1379,2023-03-06,BA,Cancelled,,135,1710,0,3900
AAAA635,BA1382,2023-05-31,BA,Scheduled,,376,3438,1240,3800
AAAA636,BA2005,2023-05-05,BA,Completed,N,0,1530,0,0
AAAA637,BA1510,2023-02-12,BA,Scheduled,,62,1746,520,10300
AAAA638,BA1730,2023-03-05,BA,Completed,Y,46,4986,480,5900
AAAA639,BA1709,2023-05-12,BA,Cancelled,,152,486,68,7650
AAAA640,BA1399,2023-03-27,BA,Cancelled,,68,5868,600,38353
AAAA641,BA1374,2023-02-05,BA,Completed,N,162,1890,18,1594
AAAA642,BA2338,2023-03-04,BA,Cancelled,,159,1764,16,59002
AAAA643,BA949,2023-04-11,BA,Scheduled,,62,1782,10,40859
AAAA644,BA504,2023-01-10,BA,Completed,N,48,0,2000,0
AAAA645,BA2000,2023-04-09,BA,Cancelled,,0,1782,760,14353
AAAA646,BA1762,2023-06-05,BA,Scheduled,,183,972,1160,0
AAAA647,BA1444,2023-04-05,BA,Cancelled,,97,1620,720,7950
AAAA648,BA1739,2023-04-04,BA,Scheduled,,68,0,6,12966
AAAA649,BA1739,2023-03-22,BA,Scheduled,,93,1710,17,19856
AAAA650,BA2002,2023-03-23,BA,Scheduled,,81,2610,1360,0
AAAA651,BA1705,2023-03-31,BA,Completed,N,90,1764,29,59002
AAAA652,BA1377,2023-02-15,BA,Cancelled,,0,1566,560,43559
AAAA653,BA1709,2023-04-24,BA,Completed,N,132,2664,520,10303
AAAA654,BA1762,2023-04-13,BA,Cancelled,,0,486,1360,6053
AAAA655,BA2008,2023-02-16,BA,Scheduled,,326,1224,0,25400
AAAA656,BA1526,2023-01-13,BA,Cancelled,,90,1674,0,57092
AAAA657,BA1379,2023-03-30,BA,Completed,Y,162,1818,1080,1594
AAAA658,BA1379,2023-04-14,BA,Completed,N,94,3060,1280,23000
AAAA659,BA1700,2023-02-21,BA,Scheduled,,0,1566,760,48765
AAAA660,BA894,2023-02-20,BA,Scheduled,,73,2934,24,175471
AAAA661,BA1752,2023-03-20,BA,Scheduled,,0,1692,10,175471
AAAA662,BA504,2023-03-03,BA,Completed,N,135,1278,1,38353
AAAA663,BA504,2023-01-30,BA,Cancelled,,71,486,24,0
AAAA664,BA542,2023-02-12,BA,Scheduled,,0,6696,720,63659
AAAA665,BA1739,2023-03-29,BA,Completed,N,132,1116,0,12966
AAAA666,BA1397,2023-04-13,BA,Cancelled,,0,1764,16,0
AAAA667,BA1709,2023-02-24,BA,Cancelled,,189,0,22,73759
AAAA668,BA545,2023-04-06,BA,Completed,N,116,3384,24,17268
AAAA669,BA1738,2023-06-08,BA,Completed,N,101,1008,6,23000
AAAA670,BA2359,2023-01-12,BA,Cancelled,,99,1566,680,18447
AAAA671,BA1379,2023-01-19,BA,Cancelled,,95,2340,0,38500
AAAA672,BA1534,2023-02-05,BA,Completed,N,84,1008,0,0
AAAA673,BA1739,2023-05-17,BA,Completed,N,27,1332,17,0
AAAA674,BA894,2023-05-19,BA,Cancelled,,98,1278,9,18447
AAAA675,BA2000,2023-02-08,BA,Completed,N,95,2898,18,7650
AAAA676,BA1397,2023-02-10,BA,Completed,Y,180,1728,880,0
AAAA677,BA544,2023-01-24,BA,Scheduled,,71,1386,1160,0
AAAA678,BA1390,2023-06-15,BA,Completed,N,1,1314,640,61623
AAAA679,BA1371,2023-01-08,BA,Cancelled,,56,2862,720,45753
AAAA680,BA2001,2023-03-16,BA,Scheduled,,87,3060,6,29995
AAAA681,BA1517,2023-01-18,BA,Scheduled,,0,2916,1,87013
AAAA682,BA1729,2023-03-11,BA,Completed,N,135,2430,1360,46006
AAAA683,BA1538,2023-02-21,BA,Scheduled,,188,1314,16,25400
AAAA684,BA891,2023-02-22,BA,Completed,N,23,3294,680,9453
AAAA685,BA1752,2023-03-06,BA,Completed,N,0,1242,720,29995
AAAA686,BA2359,2023-01-16,BA,Scheduled,,98,18,480,43412
AAAA687,BA2006,2023-05-02,BA,Cancelled,,97,3438,24,33644
AAAA688,BA1739,2023-05-02,BA,Cancelled,,97,18,24,6750
AAAA689,BA1388,2023-01-03,BA,Scheduled,,0,3294,0,43253
AAAA690,BA2349,2023-05-29,BA,Completed,N,50,1620,1160,38500
AAAA691,BA1388,2023-03-02,BA,Scheduled,,183,1278,17,18503
AAAA692,BA2008,2023-02-22,BA,Completed,N,264,900,68,68612
AAAA693,BA922,2023-02-18,BA,Completed,N,376,1746,800,10550
AAAA694,BA1716,2023-04-08,BA,Cancelled,,372,0,6,68612
AAAA695,BA2342,2023-02-04,BA,Completed,N,154,1170,520,10900
AAAA696,BA2343,2023-02-17,BA,Scheduled,,27,3132,0,30854
AAAA697,BA544,2023-02-24,BA,Scheduled,,84,1692,1080,0
AAAA698,BA1700,2023-05-24,BA,Completed,N,97,0,760,7650
AAAA699,BA1748,2023-05-06,BA,Scheduled,,162,1314,680,8400
AAAA700,BA1381,2023-03-01,BA,Completed,N,163,1170,760,103747
AAAA701,BA2006,2023-02-20,BA,Completed,N,97,414,0,3900
AAAA702,BA2004,2023-01-05,BA,Completed,Y,105,2430,680,0
AAAA703,BA1743,2023-05-28,BA,Cancelled,,170,486,6,78708
AAAA704,BA907,2023-01-14,BA,Scheduled,,98,4752,360,0
AAAA705,BA1752,2023-01-28,BA,Scheduled,,120,0,480,73759
AAAA706,BA1379,2023-06-05,BA,Scheduled,,4,3060,34,43253
AAAA707,BA1510,2023-04-14,BA,Scheduled,,54,1782,13,40512
AAAA708,BA1730,2023-05-18,BA,Cancelled,,87,2196,600,20600
AAAA709,BA2002,2023-04-22,BA,Cancelled,,90,2286,640,0
AAAA710,BA1382,2023-05-29,BA,Cancelled,,35,0,160,45455
AAAA711,BA1381,2023-03-12,BA,Completed,N,84,1278,480,45900
AAAA712,BA2359,2023-04-20,BA,Completed,N,48,1782,13,81671
AAAA713,BA1397,2023-05-21,BA,Scheduled,,161,0,720,17368
AAAA714,BA1739,2023-01-14,BA,Cancelled,,326,2430,720,0
AAAA715,BA631,2023-03-13,BA,Cancelled,,54,1674,24,6750
AAAA716,BA893,2023-06-06,BA,Cancelled,,0,1692,24,0
AAAA717,BA949,2023-03-23,BA,Completed,N,101,1530,16,18447
AAAA718,BA1712,2023-02-01,BA,Scheduled,,94,3402,600,6750
AAAA719,BA505,2023-04-13,BA,Scheduled,,0,1818,23,43253
AAAA720,BA2351,2023-05-31,BA,Scheduled,,0,0,680,79313
AAAA721,BA1997,2023-03-06,BA,Scheduled,,90,0,600,61623
AAAA722,BA2351,2023-01-25,BA,Scheduled,,135,2196,1160,63659
AAAA723,BA2338,2023-03-08,BA,Scheduled,,71,2286,34,59002
AAAA724,BA1771,2023-05-30,BA,Scheduled,,65,3402,1240,48765
AAAA725,BA1374,2023-05-21,BA,Scheduled,,46,3402,17,51112
AAAA726,BA905,2023-05-03,BA,Scheduled,,99,1242,48,0
AAAA727,BA2355,2023-01-05,BA,Scheduled,,84,1242,0,14465
AAAA728,BA1775,2023-03-30,BA,Scheduled,,93,0,29,10450
AAAA729,BA1538,2023-04-22,BA,Cancelled,,99,1674,31,29995
AAAA730,BA955,2023-02-03,BA,Scheduled,,135,3240,67,10303
AAAA731,BA1762,2023-03-27,BA,Cancelled,,85,2430,16,68612
AAAA732,BA1379,2023-03-22,BA,Cancelled,,95,3384,1240,43700
AAAA733,BA1371,2023-03-11,BA,Scheduled,,105,0,18,29995
AAAA734,BA1374,2023-01-19,BA,Completed,Y,135,1890,13,0
AAAA735,BA1526,2023-01-14,BA,Cancelled,,77,1224,440,14465
AAAA736,BA2002,2023-02-21,BA,Cancelled,,36,1278,2360,0
AAAA737,BA894,2023-05-10,BA,Completed,N,145,1692,19,63659
AAAA738,BA1707,2023-05-20,BA,Scheduled,,106,2736,400,10300
AAAA739,BA1738,2023-01-04,BA,Scheduled,,71,630,13,6750
AAAA740,BA1752,2023-02-05,BA,Cancelled,,99,1800,0,17268
AAAA741,BA2001,2023-06-15,BA,Scheduled,,95,1746,1,18447
AAAA742,BA1775,2023-03-15,BA,Cancelled,,54,630,19,18503
AAAA743,BA1752,2023-05-19,BA,Cancelled,,0,630,640,78708
AAAA744,BA631,2023-02-12,BA,Scheduled,,148,1116,27,48700
AAAA745,BA545,2023-01-31,BA,Completed,N,277,3384,720,163403
AAAA746,BA2001,2023-05-12,BA,Completed,Y,97,2736,17,40706
AAAA747,BA721,2023-05-08,BA,Completed,N,0,0,10,15962
AAAA748,BA955,2023-03-16,BA,Scheduled,,97,2934,26,19856
AAAA749,BA1743,2023-05-03,BA,Scheduled,,35,2430,2000,16456
AAAA750,BA948,2023-03-08,BA,Scheduled,,277,3294,0,38100
AAAA751,BA922,2023-04-24,BA,Scheduled,,100,2430,600,23000
AAAA752,BA1377,2023-02-25,BA,Completed,N,0,3132,29,7650
AAAA753,BA1516,2023-04-10,BA,Completed,N,0,1692,16,0
AAAA754,BA2007,2023-02-21,BA,Completed,N,68,1620,10,48765
AAAA755,BA1775,2023-04-26,BA,Completed,Y,96,1620,680,163403
AAAA756,BA2007,2023-01-20,BA,Cancelled,,62,0,2000,87013
AAAA757,BA1394,2023-02-04,BA,Completed,N,77,2610,320,0
AAAA758,BA1401,2023-02-12,BA,Scheduled,,87,1692,440,38500
AAAA759,BA2001,2023-04-16,BA,Cancelled,,88,2610,520,61623
AAAA760,BA1722,2023-03-01,BA,Cancelled,,0,1674,2360,10056
AAAA761,BA935,2023-05-07,BA,Scheduled,,97,2430,26,15962
AAAA762,BA2005,2023-02-16,BA,Completed,N,148,1890,400,38353
AAAA763,BA1388,2023-02-28,BA,Completed,N,180,18,1360,0
AAAA764,BA1382,2023-05-18,BA,Completed,N,0,2772,1160,7750
AAAA765,BA2000,2023-03-19,BA,Completed,Y,90,1584,17,61353
AAAA766,BA2005,2023-05-07,BA,Completed,N,191,972,16,2950
AAAA767,BA886,2023-01-05,BA,Completed,N,81,1566,6,2950
AAAA768,BA1517,2023-01-28,BA,Scheduled,,170,972,680,0
AAAA769,BA1709,2023-03-16,BA,Scheduled,,113,1620,0,40859
AAAA770,BA1702,2023-06-13,BA,Cancelled,,154,1278,48,0
AAAA771,BA1444,2023-02-23,BA,Cancelled,,138,1602,0,0
AAAA772,BA2355,2023-04-15,BA,Cancelled,,148,864,48,9800
AAAA773,BA1707,2023-05-05,BA,Completed,N,99,2430,13,81671
AAAA774,BA1398,2023-01-24,BA,Completed,N,0,0,480,163403
AAAA775,BA2006,2023-05-02,BA,Scheduled,,101,972,640,16867
AAAA776,BA894,2023-02-17,BA,Completed,N,0,2430,10,61623
AAAA777,BA2007,2023-03-26,BA,Cancelled,,90,1260,19,18447
AAAA778,BA893,2023-06-05,BA,Cancelled,,87,2088,1280,1594
AAAA779,BA1709,2023-05-16,BA,Scheduled,,97,5868,680,20600
AAAA780,BA504,2023-04-30,BA,Completed,Y,127,0,600,45455
AAAA781,BA1526,2023-03-27,BA,Cancelled,,54,0,720,73759
AAAA782,BA2006,2023-04-24,BA,Cancelled,,148,1782,16,0
AAAA783,BA1399,2023-02-04,BA,Scheduled,,122,648,0,450
AAAA784,BA2355,2023-04-05,BA,Cancelled,,170,2610,720,40859
AAAA785,BA1395,2023-04-29,BA,Scheduled,,135,72,19,163403
AAAA786,BA1382,2023-02-25,BA,Cancelled,,132,2898,18,38100
AAAA787,BA955,2023-05-23,BA,Cancelled,,326,1764,520,0
AAAA788,BA1739,2023-05-02,BA,Completed,N,23,1332,23,14465
AAAA789,BA1771,2023-05-30,BA,Completed,N,180,972,160,18447
AAAA790,BA2001,2023-03-18,BA,Cancelled,,0,1620,22,464
AAAA791,BA1534,2023-01-10,BA,Completed,Y,189,2736,1280,43700
AAAA792,BA2359,2023-04-17,BA,Scheduled,,54,648,680,63659
AAAA793,BA1399,2023-04-17,BA,Cancelled,,89,6714,24,0
AAAA794,BA2001,2023-05-26,BA,Completed,Y,96,2196,67,100
AAAA795,BA542,2023-05-22,BA,Completed,Y,127,1710,6,68612
AAAA796,BA2341,2023-03-28,BA,Cancelled,,376,1458,1000,45455
AAAA797,BA1444,2023-05-29,BA,Scheduled,,122,2862,33,12966
AAAA798,BA2002,2023-02-20,BA,Completed,Y,46,1530,5,38353
AAAA799,BA2342,2023-05-23,BA,Completed,N,162,5868,2680,57092
AAAA800,BA1762,2023-01-07,BA,Cancelled,,94,0,19,57092
AAAA801,BA894,2023-06-15,BA,Scheduled,,81,0,400,31288
AAAA802,BA894,2023-01-21,BA,Cancelled,,373,1728,2360,129263
AAAA803,BA1729,2023-03-24,BA,Cancelled,,54,0,1,79313
AAAA804,BA1398,2023-03-29,BA,Scheduled,,0,2034,1,57092
AAAA805,BA1730,2023-05-01,BA,Scheduled,,188,2340,18,46006
AAAA806,BA1379,2023-01-17,BA,Completed,N,120,1710,640,175471
AAAA807,BA2006,2023-03-04,BA,Scheduled,,71,1746,24,19856
AAAA808,BA1739,2023-03-08,BA,Completed,N,373,1116,9,68612
AAAA809,BA1748,2023-01-01,BA,Cancelled,,113,1332,960,38353
AAAA810,BA1401,2023-04-13,BA,Cancelled,,73,3240,19,30854
AAAA811,BA891,2023-01-28,BA,Scheduled,,373,900,720,9916
AAAA812,BA1516,2023-01-28,BA,Cancelled,,372,72,18,3900
AAAA813,BA948,2023-02-09,BA,Completed,N,135,2772,0,25400
AAAA814,BA894,2023-05-29,BA,Completed,Y,0,1008,640,29995
AAAA815,BA1526,2023-04-08,BA,Cancelled,,180,2610,18,51112
AAAA816,BA1771,2023-01-28,BA,Scheduled,,376,1242,880,45753
AAAA817,BA1716,2023-05-20,BA,Completed,N,277,2286,600,40512
AAAA818,BA907,2023-03-06,BA,Scheduled,,89,1332,640,6053
AAAA819,BA1716,2023-03-07,BA,Cancelled,,132,1728,48,0
AAAA820,BA886,2023-05-07,BA,Scheduled,,148,1728,2000,38100
AAAA821,BA2008,2023-03-07,BA,Completed,Y,0,1458,16,16867
AAAA822,BA1374,2023-03-25,BA,Cancelled,,135,414,0,43412
AAAA823,BA543,2023-06-14,BA,Scheduled,,93,2484,0,30854
AAAA824,BA1729,2023-04-02,BA,Scheduled,,0,2430,17,73759
AAAA825,BA1399,2023-01-30,BA,Completed,Y,127,1620,21,45753
AAAA826,BA1444,2023-04-18,BA,Cancelled,,90,630,600,10559
AAAA827,BA1723,2023-01-11,BA,Completed,Y,88,0,28,175471
AAAA828,BA1997,2023-01-05,BA,Completed,N,0,486,13,9800
AAAA829,BA1516,2023-01-03,BA,Scheduled,,120,1242,680,40262
AAAA830,BA1709,2023-04-01,BA,Completed,N,97,3294,600,175471
AAAA831,BA1753,2023-01-28,BA,Cancelled,,152,3294,0,0
AAAA832,BA2359,2023-05-07,BA,Scheduled,,97,2898,19,40512
AAAA833,BA1702,2023-03-02,BA,Scheduled,,107,1710,11,100
AAAA834,BA2354,2023-05-01,BA,Scheduled,,135,2376,480,0
AAAA835,BA1534,2023-02-17,BA,Scheduled,,100,1764,520,10300
AAAA836,BA922,2023-01-27,BA,Completed,N,89,1224,1240,10559
AAAA837,BA886,2023-03-21,BA,Completed,Y,35,828,16,15158
AAAA838,BA2006,2023-01-19,BA,Completed,N,100,1602,680,129263
AAAA839,BA608,2023-04-08,BA,Cancelled,,81,1746,960,0
AAAA840,BA1702,2023-05-10,BA,Cancelled,,87,1782,0,7750
AAAA841,BA2359,2023-05-08,BA,Cancelled,,0,1278,13,9653
AAAA842,BA2351,2023-04-04,BA,Cancelled,,372,2034,33,31288
AAAA843,BA1702,2023-02-14,BA,Completed,Y,65,1566,18,7750
AAAA844,BA545,2023-05-27,BA,Scheduled,,326,1566,720,79313
AAAA845,BA542,2023-01-06,BA,Completed,N,148,1926,680,10550
AAAA846,BA2008,2023-03-22,BA,Scheduled,,189,0,0,48700
AAAA847,BA1526,2023-01-16,BA,Completed,N,99,972,18,16867
AAAA848,BA542,2023-01-25,BA,Cancelled,,372,1242,1160,38100
AAAA849,BA907,2023-02-20,BA,Completed,N,135,1674,1080,11456
AAAA850,BA1775,2023-03-03,BA,Completed,N,105,3132,9,2950
AAAA851,BA504,2023-03-31,BA,Completed,N,0,2898,5,63659
AAAA852,BA1401,2023-01-28,BA,Cancelled,,95,1566,800,10550
AAAA853,BA631,2023-05-12,BA,Completed,Y,101,2034,0,25400
AAAA854,BA1516,2023-04-22,BA,Cancelled,,93,2862,5,1594
AAAA855,BA891,2023-04-11,BA,Scheduled,,174,972,48,18503
AAAA856,BA1381,2023-04-03,BA,Completed,N,107,0,680,33112
AAAA857,BA1712,2023-02-15,BA,Completed,N,93,2034,2360,0
AAAA858,BA1762,2023-02-01,BA,Completed,Y,174,0,11,12966
AAAA859,BA891,2023-03-01,BA,Scheduled,,97,630,17,175471
AAAA860,BA543,2023-03-16,BA,Completed,Y,100,2862,600,0
AAAA861,BA905,2023-04-30,BA,Completed,Y,4,1746,520,45455
AAAA862,BA1377,2023-04-05,BA,Cancelled,,77,1890,560,19856
AAAA863,BA1729,2023-06-02,BA,Completed,N,130,3240,720,10450
AAAA864,BA2338,2023-02-05,BA,Cancelled,,90,1728,480,10450
AAAA865,BA505,2023-05-28,BA,Cancelled,,85,3438,6,43412
AAAA866,BA1712,2023-03-31,BA,Cancelled,,130,0,600,10559
AAAA867,BA1534,2023-01-30,BA,Cancelled,,145,2430,640,103747
AAAA868,BA1378,2023-03-17,BA,Scheduled,,0,0,720,5203
AAAA869,BA1310,2023-01-27,BA,Scheduled,,148,1674,720,10900
AAAA870,BA544,2023-01-09,BA,Scheduled,,88,2430,0,1594
AAAA871,BA505,2023-04-25,BA,Completed,Y,120,1692,17,6053
AAAA872,BA2349,2023-02-12,BA,Scheduled,,373,2916,880,45900
AAAA873,BA2007,2023-01-26,BA,Completed,N,90,1224,640,18447
AAAA874,BA1538,2023-02-20,BA,Scheduled,,65,1764,600,5203
AAAA875,BA1753,2023-03-18,BA,Cancelled,,122,2286,19,8400
AAAA876,BA721,2023-01-14,BA,Completed,N,0,2034,27,29995
AAAA877,BA1707,2023-04-09,BA,Completed,N,90,2286,480,57092
AAAA878,BA2007,2023-03-12,BA,Cancelled,,0,0,800,129263
AAAA879,BA1771,2023-06-05,BA,Scheduled,,180,1602,16,11215
AAAA880,BA1722,2023-04-26,BA,Scheduled,,105,18,31,0
AAAA881,BA1534,2023-01-18,BA,Completed,N,81,0,19,43253
AAAA882,BA1729,2023-04-09,BA,Completed,N,96,1746,440,2950
AAAA883,BA1377,2023-02-22,BA,Cancelled,,36,1566,440,0
AAAA884,BA2349,2023-05-24,BA,Scheduled,,77,2034,17,0
AAAA885,BA1382,2023-05-12,BA,Cancelled,,132,1566,48,7950
AAAA886,BA544,2023-05-23,BA,Completed,N,0,1620,6,9653
AAAA887,BA631,2023-04-25,BA,Cancelled,,96,630,18,10450
AAAA888,BA2359,2023-04-27,BA,Scheduled,,135,2430,0,63659
AAAA889,BA1771,2023-03-09,BA,Scheduled,,65,1818,16,48765
AAAA890,BA1712,2023-02-21,BA,Scheduled,,48,3060,18,10550
AAAA891,BA1730,2023-04-09,BA,Scheduled,,0,0,21,0
AAAA892,BA1538,2023-01-05,BA,Scheduled,,94,0,2360,45455
AAAA893,BA1762,2023-04-02,BA,Scheduled,,77,2664,160,7750
AAAA894,BA2008,2023-05-11,BA,Cancelled,,96,2286,48,18447
AAAA895,BA505,2023-04-15,BA,Completed,N,54,2736,480,0
AAAA896,BA545,2023-01-25,BA,Scheduled,,127,6714,0,43412
AAAA897,BA505,2023-05-25,BA,Scheduled,,99,2286,320,0
AAAA898,BA1398,2023-03-16,BA,Completed,Y,74,2430,2680,43559
AAAA899,BA1397,2023-04-04,BA,Completed,N,0,0,11,11215
AAAA900,BA1730,2023-01-21,BA,Scheduled,,93,972,13,8400
AAAA901,BA1517,2023-04-07,BA,Cancelled,,113,2088,480,175471
AAAA902,BA2351,2023-03-28,BA,Completed,Y,95,4986,13,33259
AAAA903,BA1397,2023-05-06,BA,Cancelled,,132,1242,760,43253
AAAA904,BA1752,2023-04-30,BA,Cancelled,,106,1890,13,3800
AAAA905,BA1787,2023-03-12,BA,Completed,N,1,1008,1360,14353
AAAA906,BA1748,2023-04-01,BA,Cancelled,,138,1746,160,23000
AAAA907,BA2004,2023-02-06,BA,Completed,N,62,1746,680,73759
AAAA908,BA907,2023-05-08,BA,Scheduled,,50,6696,640,29995
AAAA909,BA2341,2023-03-01,BA,Cancelled,,98,4986,2000,18503
AAAA910,BA2355,2023-03-10,BA,Completed,N,105,1602,22,7750
AAAA911,BA543,2023-03-28,BA,Scheduled,,81,1782,640,40706
AAAA912,BA1401,2023-01-24,BA,Scheduled,,188,2430,6,29995
AAAA913,BA2342,2023-04-03,BA,Completed,N,163,1674,0,0
AAAA914,BA1310,2023-05-11,BA,Cancelled,,74,3060,34,9800
AAAA915,BA948,2023-05-22,BA,Completed,N,96,2160,0,20600
AAAA916,BA893,2023-06-08,BA,Cancelled,,94,972,600,10559
AAAA917,BA1382,2023-06-03,BA,Completed,N,163,0,920,18503
AAAA918,BA1444,2023-02-21,BA,Cancelled,,68,2430,1160,19856
AAAA919,BA893,2023-06-11,BA,Cancelled,,264,486,21,48700
AAAA920,BA933,2023-01-22,BA,Cancelled,,373,1620,26,3900
AAAA921,BA2000,2023-02-26,BA,Scheduled,,264,1566,29,16456
AAAA922,BA935,2023-04-01,BA,Scheduled,,73,0,14,11215
AAAA923,BA1744,2023-03-22,BA,Scheduled,,77,6714,6,100
AAAA924,BA1538,2023-06-14,BA,Cancelled,,0,864,880,17368
AAAA925,BA1401,2023-06-07,BA,Scheduled,,70,0,48,68612
AAAA926,BA1371,2023-02-15,BA,Cancelled,,0,1764,48,0
AAAA927,BA2008,2023-05-06,BA,Scheduled,,98,1890,720,43259
AAAA928,BA504,2023-02-09,BA,Cancelled,,62,2034,680,19856
AAAA929,BA1762,2023-03-08,BA,Completed,N,27,1746,21,28106
AAAA930,BA1702,2023-04-03,BA,Scheduled,,97,2664,9,1594
AAAA931,BA1716,2023-02-04,BA,Cancelled,,130,2430,0,48700
AAAA932,BA922,2023-01-04,BA,Completed,N,148,2430,16,5203
AAAA933,BA1729,2023-04-07,BA,Completed,Y,71,6714,17,46006
AAAA934,BA1510,2023-04-26,BA,Cancelled,,264,1890,26,40262
AAAA935,BA1700,2023-01-14,BA,Completed,N,93,414,0,129263
AAAA936,BA1787,2023-05-03,BA,Cancelled,,0,4986,2680,11456
AAAA937,BA631,2023-04-10,BA,Completed,N,98,1674,5,78708
AAAA938,BA1517,2023-05-25,BA,Completed,N,106,1116,2000,81671
AAAA939,BA1722,2023-04-19,BA,Scheduled,,77,0,360,57092
AAAA940,BA2359,2023-04-17,BA,Cancelled,,116,1170,680,5203
AAAA941,BA2001,2023-05-31,BA,Scheduled,,120,1818,6,43559
AAAA942,BA1510,2023-02-18,BA,Cancelled,,1,1728,0,129263
AAAA943,BA2355,2023-01-06,BA,Completed,Y,180,1710,16,0
AAAA944,BA1723,2023-01-19,BA,Cancelled,,0,0,24,33259
AAAA945,BA1516,2023-02-14,BA,Scheduled,,188,1782,400,87013
AAAA946,BA933,2023-02-14,BA,Cancelled,,99,2430,520,0
AAAA947,BA2349,2023-06-11,BA,Completed,N,154,1116,2360,129263
AAAA948,BA545,2023-02-03,BA,Scheduled,,84,486,480,68612
AAAA949,BA2007,2023-06-13,BA,Completed,N,138,2772,16,10550
AAAA950,BA1706,2023-04-21,BA,Completed,N,170,3132,680,10900
AAAA951,BA2001,2023-05-05,BA,Cancelled,,161,0,19,59002
AAAA952,BA1748,2023-05-15,BA,Scheduled,,101,1764,0,10450
AAAA953,BA1730,2023-01-21,BA,Scheduled,,87,0,2000,450
AAAA954,BA1753,2023-06-10,BA,Cancelled,,174,1332,1360,59002
AAAA955,BA1738,2023-02-08,BA,Completed,N,113,1008,520,33644
AAAA956,BA1744,2023-04-07,BA,Scheduled,,0,972,11,17368
AAAA957,BA2355,2023-05-11,BA,Completed,N,97,0,17,59002
AAAA958,BA1739,2023-02-23,BA,Cancelled,,90,2934,16,17368
AAAA959,BA1388,2023-03-05,BA,Cancelled,,120,0,680,9453
AAAA960,BA1388,2023-03-16,BA,Cancelled,,84,0,520,10559
AAAA961,BA545,2023-03-03,BA,Cancelled,,46,4752,960,43559
AAAA962,BA544,2023-04-01,BA,Completed,Y,106,2340,680,175471
AAAA963,BA1739,2023-06-08,BA,Cancelled,,62,1584,13,7650
AAAA964,BA1444,2023-05-05,BA,Cancelled,,106,1746,600,43253
AAAA965,BA1395,2023-04-10,BA,Cancelled,,161,1764,18,18503
AAAA966,BA1379,2023-03-17,BA,Completed,N,135,1566,33,30854
AAAA967,BA2007,2023-06-02,BA,Scheduled,,100,1116,18,14700
AAAA968,BA2355,2023-03-20,BA,Scheduled,,162,0,26,464
AAAA969,BA922,2023-04-07,BA,Cancelled,,116,3294,17,45900
AAAA970,BA2341,2023-04-09,BA,Completed,N,71,1746,1360,45900
AAAA971,BA542,2023-02-16,BA,Scheduled,,161,1242,2360,43253
AAAA972,BA1516,2023-02-21,BA,Completed,N,48,1530,480,25400
AAAA973,BA1387,2023-04-11,BA,Scheduled,,161,1764,6,8400
AAAA974,BA1516,2023-05-05,BA,Completed,Y,180,3384,33,40262
AAAA975,BA1730,2023-02-02,BA,Completed,N,145,3402,1240,40706
AAAA976,BA2341,2023-01-06,BA,Completed,N,0,2160,1,0
AAAA977,BA2351,2023-02-14,BA,Scheduled,,0,3060,22,43559
AAAA978,BA1444,2023-03-21,BA,Completed,N,264,2430,5,43412
AAAA979,BA1739,2023-01-03,BA,Scheduled,,135,3060,19,9653
AAAA980,BA2351,2023-05-07,BA,Cancelled,,69,1746,0,9800
AAAA981,BA1444,2023-05-06,BA,Completed,Y,183,1224,24,43606
AAAA982,BA499,2023-01-26,BA,Completed,N,87,2160,23,10056
AAAA983,BA1787,2023-04-30,BA,Scheduled,,159,1818,19,43253
AAAA984,BA1398,2023-04-13,BA,Scheduled,,152,1458,960,0
AAAA985,BA935,2023-02-26,BA,Completed,N,132,3060,640,78708
AAAA986,BA894,2023-02-03,BA,Scheduled,,84,1674,0,10559
AAAA987,BA1716,2023-03-11,BA,Cancelled,,48,1116,0,38500
AAAA988,BA1374,2023-02-27,BA,Cancelled,,99,1746,720,20600
AAAA989,BA907,2023-01-25,BA,Cancelled,,0,414,360,0
AAAA990,BA1401,2023-02-13,BA,Cancelled,,23,1800,680,3900
AAAA991,BA1516,2023-01-22,BA,Scheduled,,106,1908,16,100
AAAA992,BA1378,2023-04-08,BA,Completed,N,373,1458,920,11456
AAAA993,BA1787,2023-05-17,BA,Completed,N,159,2430,33,15158
AAAA994,BA1538,2023-02-13,BA,Scheduled,,148,2430,880,78708
AAAA995,BA933,2023-04-16,BA,Cancelled,,77,1620,11,464
AAAA996,BA1378,2023-03-30,BA,Cancelled,,106,1908,16,10559
AAAA997,BA2343,2023-03-25,BA,Completed,Y,180,648,48,59002
AAAA998,BA1382,2023-05-08,BA,Completed,N,84,2916,2360,28106
AAAA999,BA499,2023-03-14,BA,Cancelled,,120,1674,31,43412
AAAA1000,BA505,2023-05-13,BA,Cancelled,,163,72,11,40262
AAAA1001,BA1738,2023-03-26,BA,Scheduled,,120,2430,11,6053
AAAA1002,BA948,2023-06-09,BA,Cancelled,,106,1620,0,12966
AAAA1003,BA955,2023-01-05,BA,Completed,Y,0,1692,10,103747
AAAA1004,BA2355,2023-04-20,BA,Completed,Y,68,0,34,16867
AAAA1005,BA1706,2023-03-24,BA,Cancelled,,183,1512,560,3800
AAAA1006,BA2355,2023-02-14,BA,Cancelled,,99,2430,2680,10550
AAAA1007,BA1706,2023-02-21,BA,Completed,Y,0,1764,24,9453
AAAA1008,BA894,2023-05-16,BA,Cancelled,,326,1566,0,48700
AAAA1009,BA955,2023-03-22,BA,Scheduled,,130,0,16,18503
AAAA1010,BA2359,2023-04-16,BA,Scheduled,,122,1386,480,38353
AAAA1011,BA1730,2023-05-26,BA,Scheduled,,1,2430,600,15158
AAAA1012,BA543,2023-02-03,BA,Completed,N,159,2772,0,0
