order_item_id,order_id,product_id,created_at,shipped_at,delivered_at,returned_at,sale_price
VI16269,V1003,P014,2023-06-25,,,,60.0
VI16074,V1004,P015,2022-06-03,2022-06-05,2022-06-14,,70.0
VI16958,V1008,P013,2021-06-16,,,,170.0
VI18072,V1008,P012,2021-06-16,,,,150.0
VI18560,V1008,P015,2021-06-16,,,,70.0
VI11456,V1011,P014,2023-05-22,,,,60.0
VI12867,V1011,P013,2023-05-22,,,,170.0
VI18800,V1012,P012,2023-06-29,,,,150.0
VI12916,V1014,P013,2023-02-10,2023-02-13,2023-02-19,,170.0
VI19255,V1025,P016,2023-05-06,2023-05-08,,,180.0
VI13318,V1032,P014,2021-07-28,,,,60.0
VI19319,V1039,P013,2021-12-11,,,,170.0
VI19804,V1042,P016,2023-06-23,,,,180.0
VI14505,V1043,P012,2022-01-21,,,,150.0
VI11739,V1046,P013,2023-06-28,,,,170.0
VI13004,V1049,P016,2022-11-28,2022-12-01,,,180.0
VI16707,V1053,P012,2023-05-07,,,,150.0
VI10546,V1055,P016,2023-06-06,,,,162.0
VI19503,V1055,P014,2023-06-06,,,,60.0
VI17885,V1061,P014,2022-02-10,2022-02-12,,,60.0
VI16433,V1074,P014,2022-05-04,,,,60.0
VI18594,V1085,P016,2022-08-08,2022-08-10,,,180.0
VI16210,V1086,P013,2022-12-18,2022-12-20,2022-12-23,2023-01-22,170.0
VI14334,V1092,P016,2023-03-16,2023-03-17,,,180.0
VI19788,V1094,P013,2023-02-27,2023-02-28,,,170.0
VI14976,V1098,P014,2022-09-15,2022-09-17,,,60.0
VI12560,V1112,P016,2023-01-05,2023-01-07,2023-01-09,,180.0
VI11179,V1117,P016,2023-06-14,2023-06-17,2023-06-23,,180.0
VI12236,V1118,P012,2020-07-17,2020-07-19,2020-07-22,2020-08-17,120.0
VI10774,V1120,P015,2023-02-14,,,,70.0
VI12424,V1126,P012,2021-08-22,2021-08-23,2021-08-25,,150.0
VI11427,V1127,P013,2022-04-02,2022-04-05,2022-04-13,2022-05-13,170.0
VI17561,V1127,P014,2022-04-02,2022-04-05,2022-04-13,2022-05-13,60.0
VI15877,V1133,P016,2021-08-24,2021-08-27,,,180.0
VI10456,V1147,P013,2023-02-18,,,,170.0
VI19710,V1155,P016,2020-06-19,,,,162.0
VI10884,V1159,P014,2023-01-26,,,,60.0
VI16704,V1159,P016,2023-01-26,,,,180.0
VI17060,V1159,P015,2023-01-26,,,,70.0
VI19651,V1176,P014,2021-01-13,2021-01-14,,,60.0
VI18790,V1179,P013,2021-05-27,2021-05-28,2021-05-31,,170.0
VI13087,V1180,P012,2023-05-05,2023-05-06,2023-05-11,2023-05-16,150.0
VI12316,V1184,P016,2023-03-13,2023-03-15,,,180.0
VI14205,V1188,P014,2022-11-25,,,,60.0
VI13688,V1193,P013,2020-10-07,2020-10-09,2020-10-13,,170.0
VI16644,V1195,P013,2023-03-09,2023-03-12,2023-03-13,2023-04-04,170.0
VI11046,V1197,P014,2020-03-09,,,,60.0
VI12325,V1202,P013,2022-11-05,,,,170.0
VI16791,V1212,P015,2023-05-24,2023-05-25,,,70.0
VI17203,V1212,P012,2023-05-24,2023-05-25,,,150.0
VI15546,V1213,P016,2023-05-28,2023-05-31,2023-06-07,2023-06-20,180.0
VI15059,V1219,P015,2023-05-28,,,,70.0
VI10830,V1223,P015,2023-04-06,2023-04-07,2023-04-11,2023-05-09,70.0
VI17541,V1223,P015,2023-04-06,2023-04-07,2023-04-11,2023-05-09,70.0
VI13791,V1228,P016,2019-12-26,,,,180.0
VI10335,V1239,P016,2021-05-31,2021-06-03,2021-06-07,,180.0
VI18655,V1250,P014,2023-06-29,2023-06-30,,,60.0
VI19175,V1253,P016,2023-05-16,2023-05-17,,,180.0
VI17777,V1254,P016,2021-08-19,,,,180.0
VI12709,V1279,P015,2021-02-17,,,,70.0
VI16345,V1280,P014,2023-06-12,2023-06-15,2023-06-20,2023-06-29,60.0
VI19224,V1283,P013,2023-05-02,,,,170.0
VI19933,V1284,P014,2020-05-01,2020-05-04,,,60.0
VI18579,V1286,P016,2023-05-02,2023-05-04,2023-05-05,2023-05-31,180.0
VI18105,V1288,P015,2022-09-13,2022-09-14,2022-09-16,2022-10-05,70.0
VI13197,V1293,P015,2023-05-23,2023-05-25,2023-05-28,2023-06-26,70.0
VI10388,V1299,P016,2023-05-16,,,,180.0
VI16495,V1299,P016,2023-05-16,,,,180.0
VI11708,V1304,P013,2022-05-12,,,,170.0
VI15055,V1304,P016,2022-05-12,,,,180.0
VI10441,V1321,P012,2023-04-20,,,,150.0
VI19739,V1322,P012,2021-07-06,2021-07-08,2021-07-18,2021-08-06,150.0
VI11864,V1325,P015,2023-05-15,,,,70.0
VI14870,V1328,P012,2022-10-25,2022-10-28,2022-11-01,2022-11-30,150.0
VI14489,V1334,P013,2023-06-27,2023-06-28,2023-07-08,,170.0
VI12241,V1335,P016,2023-04-10,2023-04-13,2023-04-17,,180.0
VI12328,V1335,P015,2023-04-10,2023-04-13,2023-04-17,,70.0
VI11211,V1343,P012,2020-07-23,,,,150.0
VI18699,V1344,P013,2022-04-06,,,,170.0
VI12180,V1353,P015,2023-05-26,2023-05-29,2023-06-05,,35.0
VI13151,V1359,P015,2021-09-11,2021-09-14,2021-09-19,,70.0
VI16026,V1362,P013,2020-03-01,2020-03-04,2020-03-12,2020-03-27,170.0
VI11138,V1370,P016,2021-06-24,2021-06-25,2021-06-30,2021-07-18,180.0
VI15708,V1373,P013,2022-12-23,2022-12-26,2023-01-02,,170.0
VI10128,V1394,P014,2022-10-13,2022-10-15,,,60.0
VI18731,V1405,P013,2023-03-02,,,,170.0
VI16460,V1406,P016,2023-03-29,,,,180.0
VI10330,V1427,P016,2022-09-05,,,,180.0
VI12376,V1439,P015,2023-03-11,,,,70.0
VI12460,V1442,P013,2023-02-17,,,,170.0
VI12398,V1451,P016,2023-04-27,2023-04-30,2023-05-10,2023-06-09,180.0
VI16090,V1457,P013,2023-05-03,2023-05-05,2023-05-08,,170.0
VI19130,V1460,P012,2023-06-26,2023-06-28,2023-07-04,2023-07-14,150.0
VI15826,V1463,P012,2023-02-25,,,,150.0
VI18957,V1470,P016,2022-10-29,,,,180.0
VI13752,V1482,P012,2020-08-06,2020-08-07,2020-08-16,2020-09-15,150.0
VI12828,V1484,P014,2022-05-27,2022-05-30,,,60.0
VI11538,V1502,P013,2023-06-18,2023-06-20,2023-06-26,2023-07-21,170.0
VI14384,V1506,P015,2022-09-27,2022-09-30,,,70.0
VI12266,V1527,P015,2023-05-17,2023-05-19,2023-05-23,2023-06-15,70.0
VI12439,V1537,P012,2022-04-15,,,,150.0
VI16589,V1549,P016,2023-05-07,,,,180.0
VI15592,V1551,P013,2023-05-14,2023-05-17,,,170.0
VI12955,V1564,P015,2021-04-26,2021-04-28,,,70.0
VI10457,V1577,P014,2023-01-10,2023-01-11,2023-01-12,2023-02-10,60.0
VI15164,V1607,P016,2020-08-12,2020-08-13,,,180.0
VI13132,V1611,P016,2022-11-28,,,,162.0
VI16674,V1627,P016,2022-06-21,,,,162.0
VI19820,V1639,P013,2023-03-21,,,,170.0
VI12886,V1647,P016,2021-10-08,2021-10-09,2021-10-10,,162.0
VI16361,V1648,P016,2023-04-15,2023-04-18,,,180.0
VI10242,V1650,P015,2022-09-29,2022-10-01,2022-10-05,2022-10-17,70.0
VI17435,V1652,P012,2022-03-07,2022-03-09,2022-03-11,,150.0
VI16496,V1654,P015,2020-08-12,2020-08-15,,,70.0
VI16054,V1670,P012,2023-04-27,2023-04-29,,,150.0
VI15231,V1693,P012,2022-03-19,2022-03-20,,,150.0
VI19084,V1693,P014,2022-03-19,2022-03-20,,,60.0
VI10355,V1699,P014,2022-08-14,2022-08-17,,,60.0
VI12068,V1706,P015,2022-12-16,,,,70.0
VI16588,V1718,P013,2021-11-09,2021-11-10,,,170.0
VI12589,V1722,P016,2023-04-22,,,,180.0
VI13394,V1726,P013,2023-03-25,2023-03-27,2023-04-06,2023-04-30,170.0
VI13527,V1734,P012,2022-02-28,2022-03-03,,,150.0
VI13572,V1746,P012,2023-02-04,2023-02-07,2023-02-11,,150.0
VI19115,V1764,P014,2022-11-19,2022-11-21,2022-11-22,,60.0
VI13104,V1768,P013,2023-06-29,2023-06-30,2023-07-07,,170.0
VI19389,V1775,P015,2021-02-24,,,,70.0
VI19777,V1781,P012,2020-07-27,,,,150.0
VI11221,V1792,P013,2022-02-28,,,,170.0
VI10496,V1799,P016,2022-09-17,2022-09-18,,,162.0
VI12308,V1810,P012,2022-11-11,,,,150.0
VI19580,V1810,P016,2022-11-11,,,,180.0
VI17440,V1812,P012,2023-05-02,,,,150.0
VI16186,V1824,P015,2021-04-05,2021-04-08,2021-04-13,2021-05-03,70.0
VI17994,V1824,P015,2021-04-05,2021-04-08,2021-04-13,2021-05-03,56.0
VI16503,V1828,P014,2021-07-12,,,,60.0
VI11623,V1831,P015,2022-10-16,,,,70.0
VI14721,V1844,P015,2021-12-31,,,,70.0
VI10191,V1854,P016,2022-04-05,2022-04-07,2022-04-09,2022-04-16,180.0
VI18434,V1854,P013,2022-04-05,2022-04-07,2022-04-09,2022-04-16,170.0
VI19438,V1856,P015,2022-03-19,2022-03-20,,,70.0
VI17420,V1857,P015,2022-06-01,2022-06-04,2022-06-11,,35.0
VI14192,V1859,P016,2022-12-11,2022-12-12,,,180.0
VI12812,V1866,P012,2021-12-01,,,,150.0
VI17472,V1876,P014,2022-04-08,,,,60.0
VI12037,V1881,P012,2022-07-12,,,,150.0
VI12103,V1884,P016,2022-08-02,,,,162.0
VI12579,V1884,P013,2022-08-02,,,,153.0
VI17088,V1891,P016,2022-03-28,,,,180.0
VI14784,V1897,P016,2023-05-11,,,,162.0
VI15624,V1897,P014,2023-05-11,,,,60.0
VI16234,V1898,P013,2023-05-10,,,,170.0
VI17146,V1900,P012,2023-06-28,2023-06-29,2023-07-09,,150.0
VI13223,V1901,P012,2023-03-12,2023-03-15,2023-03-20,2023-03-29,150.0
VI18285,V1906,P012,2022-11-27,2022-11-29,2022-12-09,2022-12-20,150.0
VI12914,V1911,P015,2021-12-23,2021-12-26,2022-01-03,,70.0
VI11949,V1915,P014,2023-06-30,,,,60.0
VI16153,V1929,P013,2023-01-27,2023-01-28,,,170.0
VI11197,V1932,P016,2023-04-06,2023-04-07,2023-04-16,2023-04-28,180.0
VI18031,V1944,P013,2021-04-09,2021-04-11,,,170.0
VI16082,V1949,P016,2023-04-27,,,,180.0
VI13740,V1953,P013,2021-08-03,,,,170.0
VI13500,V1954,P016,2022-06-05,2022-06-06,,,180.0
VI18920,V1956,P014,2022-03-27,2022-03-29,,,60.0
VI10366,V1959,P015,2023-06-02,,,,70.0
VI13633,V1959,P014,2023-06-02,,,,60.0
VI17462,V1962,P013,2022-04-13,2022-04-14,2022-04-16,2022-05-08,170.0
VI15046,V1968,P016,2022-09-10,,,,180.0
VI12185,V1975,P014,2023-05-22,2023-05-25,2023-05-31,2023-06-23,60.0
VI17346,V1976,P013,2020-12-19,2020-12-20,2020-12-30,,170.0
VI10962,V1977,P016,2022-10-18,2022-10-19,2022-10-24,,180.0
VI16043,V1980,P015,2021-03-17,2021-03-20,2021-03-22,,70.0
VI18517,V1993,P016,2023-05-13,2023-05-16,2023-05-21,2023-05-24,180.0
VI19371,V2004,P013,2021-11-19,2021-11-21,2021-11-29,,170.0
VI19630,V2004,P013,2021-11-19,2021-11-21,2021-11-29,,170.0
VI14549,V2005,P014,2023-06-28,2023-07-01,2023-07-09,2023-08-08,60.0
VI15571,V2006,P014,2023-02-01,2023-02-03,2023-02-07,,60.0
VI19750,V2008,P016,2021-04-19,,,,180.0
VI10841,V2009,P016,2023-05-20,,,,180.0
VI19496,V2009,P013,2023-05-20,,,,170.0
VI18443,V2011,P016,2022-03-23,2022-03-26,2022-03-28,,162.0
VI14352,V2016,P015,2023-03-18,,,,70.0
VI16014,V2017,P014,2022-07-30,2022-08-01,2022-08-06,,60.0
VI15424,V2018,P014,2023-03-04,2023-03-06,2023-03-13,,60.0
VI16477,V2019,P012,2023-01-07,,,,150.0
VI13493,V2030,P012,2023-04-18,,,,150.0
VI16856,V2030,P013,2023-04-18,,,,170.0
VI11630,V2031,P013,2021-01-08,2021-01-11,,,170.0
VI11610,V2034,P013,2021-11-09,2021-11-12,2021-11-18,2021-12-17,170.0
VI12429,V2034,P016,2021-11-09,2021-11-12,2021-11-18,2021-12-17,180.0
VI14708,V2067,P016,2022-03-13,2022-03-15,,,180.0
VI14221,V2070,P015,2023-01-26,2023-01-27,2023-01-30,2023-03-01,70.0
VI12411,V2077,P013,2022-01-31,2022-02-02,,,170.0
VI10302,V2080,P013,2023-06-28,2023-06-30,2023-07-08,2023-07-26,170.0
VI18793,V2084,P012,2021-03-16,2021-03-19,2021-03-29,2021-04-07,150.0
VI10980,V2095,P013,2021-05-11,2021-05-14,2021-05-24,,170.0
VI12019,V2102,P015,2023-05-28,2023-05-29,,,70.0
VI15029,V2124,P014,2019-07-22,,,,60.0
VI19464,V2131,P014,2023-04-03,2023-04-05,,,60.0
VI11796,V2133,P014,2021-10-02,2021-10-04,,,60.0
VI15152,V2133,P014,2021-10-02,2021-10-04,,,60.0
VI17973,V2133,P014,2021-10-02,2021-10-04,,,60.0
VI10186,V2137,P014,2019-11-26,,,,60.0
VI15338,V2154,P014,2023-06-02,2023-06-04,2023-06-06,2023-06-20,60.0
VI13910,V2156,P015,2022-10-21,2022-10-23,,,70.0
VI17564,V2160,P014,2023-06-29,2023-07-01,2023-07-03,,60.0
VI13323,V2166,P016,2022-11-04,,,,180.0
VI11823,V2170,P015,2023-04-27,,,,70.0
VI17514,V2171,P013,2023-02-17,,,,170.0
VI16550,V2176,P012,2022-11-24,2022-11-26,,,150.0
VI19727,V2177,P013,2023-04-07,,,,170.0
VI11069,V2182,P014,2021-11-06,2021-11-08,2021-11-15,2021-12-01,60.0
VI13420,V2193,P015,2022-03-15,2022-03-17,,,70.0
VI17959,V2200,P012,2023-03-03,2023-03-06,2023-03-15,2023-03-23,150.0
VI16053,V2211,P013,2023-04-27,2023-04-28,2023-05-04,2023-06-01,170.0
VI10944,V2218,P015,2021-10-25,2021-10-28,,,70.0
VI16774,V2226,P012,2022-03-15,2022-03-16,,,150.0
VI15954,V2227,P013,2022-01-30,2022-02-01,,,170.0
VI12681,V2230,P016,2021-11-04,,,,180.0
VI16386,V2230,P014,2021-11-04,,,,60.0
VI13109,V2234,P012,2022-05-20,2022-05-22,2022-05-31,2022-06-05,150.0
VI19446,V2247,P012,2022-11-18,2022-11-20,2022-11-26,,150.0
VI16166,V2255,P012,2023-05-07,2023-05-08,2023-05-17,2023-05-20,150.0
VI17489,V2257,P012,2022-12-28,2022-12-31,2023-01-02,,150.0
VI11343,V2260,P014,2023-06-18,,,,60.0
VI18617,V2260,P014,2023-06-18,,,,60.0
VI18615,V2265,P016,2021-07-19,2021-07-20,2021-07-28,2021-08-23,180.0
VI13319,V2269,P013,2022-06-10,2022-06-13,2022-06-16,,170.0
VI14099,V2281,P014,2023-05-31,,,,60.0
VI18227,V2281,P013,2023-05-31,,,,170.0
VI13529,V2292,P014,2021-11-03,2021-11-05,2021-11-12,2021-11-24,60.0
VI11127,V2293,P012,2022-05-11,,,,150.0
VI11357,V2293,P016,2022-05-11,,,,180.0
VI13107,V2297,P016,2021-10-05,,,,180.0
VI10822,V2311,P016,2023-06-26,,,,180.0
VI12789,V2317,P012,2021-12-16,2021-12-18,2021-12-27,,150.0
VI15750,V2317,P013,2021-12-16,2021-12-18,2021-12-27,,170.0
VI16490,V2320,P012,2021-04-26,2021-04-27,,,150.0
VI18416,V2328,P014,2022-10-17,2022-10-18,2022-10-27,,60.0
VI11036,V2338,P013,2022-09-15,2022-09-17,2022-09-24,2022-09-30,170.0
VI16327,V2342,P013,2022-03-18,,,,170.0
VI18525,V2344,P014,2021-07-20,2021-07-22,2021-07-26,,60.0
VI10164,V2354,P013,2022-02-15,,,,170.0
VI18023,V2356,P016,2022-01-28,2022-01-31,2022-02-09,,180.0
VI15044,V2357,P015,2022-12-21,2022-12-24,,,70.0
VI18773,V2362,P016,2023-03-17,,,,180.0
VI13463,V2370,P015,2023-06-02,2023-06-05,2023-06-15,2023-07-02,70.0
VI17179,V2375,P012,2021-07-21,,,,150.0
VI14174,V2389,P016,2022-12-17,,,,180.0
VI14007,V2391,P014,2022-11-24,,,,60.0
VI17127,V2393,P016,2023-05-20,2023-05-23,2023-05-28,2023-06-27,180.0
VI12574,V2404,P016,2020-10-07,2020-10-08,2020-10-09,,180.0
VI16046,V2405,P014,2023-05-04,,,,60.0
VI13953,V2407,P014,2021-05-01,,,,60.0
VI12346,V2427,P015,2020-02-21,,,,70.0
VI10361,V2431,P015,2021-11-07,2021-11-09,,,70.0
VI14425,V2436,P016,2022-09-03,2022-09-04,,,180.0
VI10112,V2442,P012,2022-03-15,,,,150.0
VI17245,V2442,P016,2022-03-15,,,,180.0
VI15336,V2448,P016,2021-04-18,,,,180.0
VI10625,V2450,P014,2022-11-02,2022-11-05,2022-11-06,,60.0
VI15221,V2450,P012,2022-11-02,2022-11-05,2022-11-06,,150.0
VI12627,V2455,P015,2021-01-06,2021-01-08,,,70.0
VI19934,V2456,P014,2022-04-17,2022-04-18,2022-04-26,2022-05-16,60.0
VI10289,V2463,P012,2023-05-04,2023-05-06,,,150.0
VI11794,V2464,P012,2022-06-24,,,,150.0
VI15565,V2471,P015,2020-12-27,,,,70.0
VI17934,V2476,P015,2023-05-21,,,,70.0
VI13257,V2477,P014,2022-06-15,2022-06-18,2022-06-26,,60.0
VI10722,V2483,P014,2023-03-05,,,,60.0
VI10318,V2486,P013,2022-06-03,,,,170.0
VI17997,V2486,P012,2022-06-03,,,,150.0
VI19176,V2488,P012,2023-05-20,2023-05-22,2023-05-31,,150.0
VI11738,V2492,P013,2023-06-26,2023-06-27,,,119.0
VI19299,V2505,P012,2020-09-10,2020-09-13,,,150.0
VI10103,V2506,P012,2023-04-20,2023-04-21,2023-04-28,,150.0
VI11933,V2511,P013,2021-04-30,2021-05-02,2021-05-03,2021-05-19,170.0
VI15268,V2512,P012,2021-05-12,,,,150.0
VI14757,V2516,P016,2022-08-08,,,,180.0
VI11080,V2539,P013,2023-06-20,2023-06-23,2023-06-30,2023-07-12,170.0
VI18930,V2558,P014,2023-01-14,2023-01-16,,,60.0
VI16765,V2570,P015,2023-03-27,,,,70.0
VI16739,V2571,P015,2021-07-01,2021-07-03,,,70.0
VI10735,V2577,P016,2022-03-11,,,,180.0
VI19362,V2577,P014,2022-03-11,,,,60.0
VI13126,V2578,P013,2021-05-30,2021-06-02,,,170.0
VI14294,V2579,P013,2023-02-22,,,,170.0
VI15741,V2588,P016,2020-10-11,2020-10-14,2020-10-19,,180.0
VI13361,V2590,P015,2022-07-16,2022-07-18,2022-07-27,,70.0
VI10609,V2593,P014,2023-03-03,2023-03-04,,,60.0
VI17801,V2594,P014,2021-02-20,2021-02-21,2021-02-26,,60.0
VI18427,V2599,P016,2022-07-18,,,,180.0
VI17579,V2603,P016,2022-11-11,2022-11-14,,,180.0
VI13119,V2605,P015,2023-06-06,2023-06-09,2023-06-19,2023-07-04,70.0
VI17543,V2611,P015,2023-03-05,2023-03-06,,,70.0
VI16050,V2614,P014,2021-07-25,,,,60.0
VI19703,V2619,P016,2021-07-14,,,,162.0
VI13335,V2620,P015,2023-04-26,,,,35.0
VI14342,V2636,P015,2021-07-28,,,,70.0
VI18881,V2636,P013,2021-07-28,,,,170.0
VI16287,V2641,P015,2022-05-08,,,,70.0
VI10677,V2645,P014,2022-11-20,,,,60.0
VI16389,V2651,P014,2023-03-24,,,,60.0
VI16100,V2652,P014,2022-12-26,2022-12-28,2023-01-06,,60.0
VI18727,V2655,P013,2021-04-19,,,,170.0
VI16870,V2658,P016,2022-07-29,2022-08-01,2022-08-06,2022-08-11,180.0
VI13186,V2660,P014,2021-02-03,2021-02-05,,,60.0
VI18467,V2662,P015,2023-02-08,,,,70.0
VI19483,V2672,P016,2022-05-11,2022-05-12,2022-05-20,,180.0
VI10911,V2689,P014,2021-09-06,2021-09-09,2021-09-11,,60.0
VI12177,V2701,P013,2023-06-28,,,,170.0
VI10305,V2710,P012,2022-09-16,,,,150.0
VI11618,V2710,P014,2022-09-16,,,,60.0
VI15488,V2718,P016,2022-08-30,2022-09-01,,,180.0
VI12226,V2734,P016,2020-12-06,2020-12-09,2020-12-15,,180.0
VI18482,V2743,P016,2022-09-15,2022-09-18,2022-09-20,,180.0
VI19006,V2743,P014,2022-09-15,2022-09-18,2022-09-20,,60.0
VI12435,V2754,P016,2022-08-13,,,,180.0
VI16597,V2755,P014,2023-03-03,2023-03-06,,,60.0
VI14770,V2758,P014,2021-06-20,2021-06-23,,,60.0
VI17476,V2758,P013,2021-06-20,2021-06-23,,,170.0
VI18844,V2758,P015,2021-06-20,2021-06-23,,,70.0
VI17678,V2761,P012,2022-01-19,2022-01-20,2022-01-24,,150.0
VI13794,V2771,P014,2022-06-09,,,,60.0
VI18791,V2772,P014,2022-12-20,,,,60.0
VI16352,V2781,P012,2023-04-21,,,,150.0
VI13630,V2786,P016,2023-06-08,,,,180.0
VI10756,V2787,P012,2023-06-29,2023-06-30,2023-07-10,,150.0
VI18552,V2796,P013,2023-04-26,2023-04-28,,,170.0
VI14578,V2802,P012,2021-02-25,2021-02-28,2021-03-05,,150.0
VI18631,V2802,P014,2021-02-25,2021-02-28,2021-03-05,,60.0
VI17151,V2804,P016,2022-01-01,2022-01-03,2022-01-10,2022-01-20,180.0
VI19899,V2806,P016,2023-01-02,,,,180.0
VI14632,V2809,P013,2020-11-25,2020-11-26,2020-11-30,2020-12-23,170.0
VI18576,V2813,P016,2019-08-15,2019-08-17,,,180.0
VI11050,V2814,P016,2023-01-23,2023-01-25,,,180.0
VI15784,V2815,P012,2022-03-19,2022-03-22,2022-03-29,2022-04-21,150.0
VI19370,V2816,P012,2023-06-14,,,,150.0
VI18043,V2820,P013,2022-01-04,2022-01-05,,,170.0
VI19363,V2823,P014,2021-06-19,2021-06-21,2021-07-01,2021-07-05,60.0
VI18546,V2830,P016,2023-06-08,,,,180.0
VI10377,V2833,P015,2022-04-20,,,,70.0
VI12315,V2843,P016,2021-07-13,2021-07-14,,,180.0
VI19413,V2847,P015,2022-03-19,2022-03-21,2022-03-26,,70.0
VI17156,V2848,P013,2022-08-24,2022-08-25,2022-09-03,,170.0
VI15358,V2856,P012,2022-08-16,2022-08-18,2022-08-28,2022-09-05,150.0
VI17995,V2859,P014,2021-12-19,,,,60.0
VI10368,V2862,P016,2023-01-20,,,,180.0
VI11459,V2866,P016,2023-04-29,2023-05-01,2023-05-06,,162.0
VI10137,V2888,P014,2021-02-13,,,,60.0
VI16927,V2890,P015,2020-09-09,2020-09-10,2020-09-14,2020-10-09,56.0
VI19022,V2891,P014,2022-10-03,2022-10-06,,,60.0
VI19753,V2895,P015,2022-12-07,2022-12-08,2022-12-10,2023-01-02,70.0
VI16519,V2898,P014,2020-12-08,2020-12-10,2020-12-19,2021-01-02,60.0
VI16763,V2906,P016,2022-02-11,2022-02-13,,,162.0
VI10360,V2920,P013,2023-03-08,2023-03-11,,,153.0
VI12702,V2931,P016,2020-04-05,2020-04-06,,,180.0
VI19484,V2933,P016,2023-04-30,2023-05-02,2023-05-07,,180.0
VI15142,V2936,P014,2022-12-03,2022-12-06,,,60.0
VI16970,V2944,P015,2020-11-19,2020-11-20,2020-11-28,,70.0
VI16430,V2948,P015,2023-01-21,,,,70.0
VI17427,V2948,P014,2023-01-21,,,,60.0
VI18573,V2949,P013,2021-06-10,2021-06-13,2021-06-15,2021-07-12,170.0
VI19861,V2950,P015,2023-05-20,2023-05-23,,,70.0
VI14168,V2951,P012,2022-05-22,,,,150.0
VI16025,V2955,P015,2020-12-05,2020-12-08,,,70.0
VI16933,V2956,P016,2021-12-06,,,,180.0
VI12291,V2958,P012,2023-03-20,2023-03-21,,,150.0
VI17674,V2964,P015,2023-06-11,2023-06-14,,,70.0
VI12993,V2974,P012,2022-08-22,,,,150.0
VI18702,V2976,P012,2023-03-31,2023-04-02,2023-04-11,,150.0
VI13754,V2992,P016,2022-11-07,,,,180.0
VI16420,V2995,P014,2023-03-16,,,,60.0
VI14498,V3001,P015,2021-02-28,2021-03-03,,,70.0
VI12964,V3003,P013,2022-05-06,,,,170.0
VI18665,V3003,P014,2022-05-06,,,,60.0
VI13188,V3008,P015,2022-11-10,,,,70.0
VI13050,V3013,P014,2019-11-16,2019-11-18,2019-11-24,2019-12-06,60.0
VI14066,V3015,P013,2023-05-23,2023-05-24,2023-05-30,,170.0
VI19525,V3016,P012,2023-04-27,,,,150.0
VI17300,V3018,P012,2023-06-26,2023-06-28,,,150.0
VI10405,V3019,P013,2022-04-01,2022-04-03,2022-04-04,2022-04-12,170.0
VI10643,V3020,P014,2022-03-29,,,,60.0
VI11567,V3024,P012,2021-01-08,,,,120.0
VI10437,V3036,P013,2021-12-20,,,,170.0
VI15033,V3040,P012,2020-10-12,2020-10-14,2020-10-16,2020-11-01,150.0
VI14674,V3043,P015,2020-07-04,,,,70.0
VI12245,V3055,P012,2020-10-16,2020-10-18,2020-10-26,,150.0
VI10840,V3068,P013,2023-04-09,,,,170.0
VI12496,V3069,P015,2021-10-01,,,,70.0
VI18010,V3071,P012,2023-05-31,,,,150.0
VI11899,V3072,P015,2022-12-23,2022-12-25,2022-12-26,,70.0
VI11192,V3076,P014,2023-04-20,,,,60.0
VI14133,V3082,P012,2023-05-03,2023-05-05,2023-05-09,2023-05-15,150.0
VI10983,V3084,P016,2023-05-13,2023-05-14,2023-05-17,2023-05-31,180.0
VI13738,V3084,P015,2023-05-13,2023-05-14,2023-05-17,2023-05-31,70.0
VI10637,V3089,P016,2022-06-13,2022-06-16,,,180.0
VI10802,V3101,P015,2021-07-20,,,,70.0
VI18003,V3114,P012,2022-11-22,2022-11-25,2022-11-29,2022-12-15,150.0
VI19032,V3118,P014,2021-07-14,2021-07-16,,,60.0
VI12275,V3129,P015,2023-02-08,2023-02-09,2023-02-10,,70.0
VI15351,V3146,P015,2022-05-28,2022-05-29,2022-06-05,,70.0
VI18039,V3156,P012,2023-03-07,2023-03-10,,,150.0
VI11223,V3158,P012,2022-09-02,2022-09-05,2022-09-10,,150.0
VI12847,V3167,P016,2022-02-23,2022-02-26,2022-03-05,2022-03-16,180.0
VI13310,V3178,P013,2023-06-13,,,,170.0
VI17921,V3184,P014,2023-06-22,2023-06-24,2023-07-01,2023-07-23,60.0
VI17607,V3186,P013,2022-07-01,2022-07-02,2022-07-12,,170.0
VI12634,V3191,P015,2023-01-20,2023-01-23,,,70.0
VI13995,V3191,P014,2023-01-20,2023-01-23,,,60.0
VI17763,V3193,P012,2023-04-17,2023-04-18,2023-04-19,,150.0
VI19459,V3197,P012,2022-11-25,,,,150.0
VI15661,V3207,P012,2022-05-07,2022-05-09,,,150.0
VI14620,V3214,P013,2022-09-29,,,,170.0
VI15752,V3216,P016,2020-07-04,2020-07-06,2020-07-10,2020-07-16,180.0
VI13523,V3217,P015,2021-04-22,,,,70.0
VI18303,V3217,P016,2021-04-22,,,,180.0
VI11491,V3231,P015,2022-06-30,2022-07-02,2022-07-03,,70.0
VI16559,V3238,P016,2022-02-11,2022-02-13,2022-02-17,2022-02-20,162.0
VI11818,V3240,P015,2023-03-22,2023-03-24,2023-03-31,,70.0
VI13749,V3254,P012,2022-08-16,,,,150.0
VI11227,V3262,P014,2023-05-22,,,,60.0
VI10638,V3268,P016,2023-05-17,,,,180.0
VI17047,V3272,P015,2021-01-01,2021-01-03,,,70.0
VI12605,V3277,P015,2021-11-17,2021-11-19,,,70.0
VI15072,V3277,P015,2021-11-17,2021-11-19,,,70.0
VI11406,V3278,P013,2021-09-17,2021-09-20,2021-09-24,2021-10-20,170.0
VI18950,V3288,P012,2020-09-17,2020-09-18,2020-09-25,,150.0
VI14516,V3290,P015,2021-09-18,2021-09-19,2021-09-28,2021-10-17,70.0
VI19692,V3296,P015,2020-12-07,,,,70.0
VI10003,V3297,P015,2022-11-28,,,,70.0
VI14689,V3315,P014,2022-02-12,2022-02-15,2022-02-20,2022-03-03,60.0
VI18595,V3328,P012,2022-03-24,2022-03-25,2022-04-02,2022-04-05,150.0
VI14387,V3334,P015,2023-04-05,,,,70.0
VI11557,V3337,P012,2022-12-04,2022-12-06,2022-12-14,2022-12-31,150.0
VI18145,V3338,P014,2020-05-24,2020-05-26,2020-06-02,,60.0
VI11707,V3344,P012,2023-05-12,,,,150.0
VI13907,V3351,P015,2021-05-24,,,,70.0
VI18200,V3354,P012,2021-02-08,2021-02-11,2021-02-15,2021-02-26,150.0
VI15574,V3355,P016,2022-11-02,2022-11-04,,,180.0
VI18834,V3370,P016,2022-11-14,,,,180.0
VI18292,V3375,P015,2023-01-10,,,,70.0
VI15678,V3377,P012,2022-06-08,,,,150.0
VI11030,V3385,P013,2023-05-10,,,,170.0
VI16645,V3387,P014,2020-05-27,2020-05-29,2020-06-02,,60.0
VI18237,V3390,P016,2023-05-31,,,,180.0
VI12816,V3394,P012,2021-03-20,,,,150.0
VI15990,V3395,P013,2023-05-18,,,,170.0
VI15531,V3406,P013,2023-05-19,,,,170.0
VI15168,V3412,P012,2022-11-18,2022-11-21,2022-12-01,2022-12-08,150.0
VI17825,V3414,P015,2023-03-22,,,,70.0
VI16988,V3415,P013,2023-02-15,,,,170.0
VI13739,V3421,P016,2023-02-22,,,,180.0
VI14350,V3442,P015,2021-12-04,,,,35.0
VI10982,V3443,P015,2022-08-08,2022-08-11,2022-08-18,,35.0
VI13279,V3445,P014,2023-03-24,,,,60.0
VI16876,V3445,P016,2023-03-24,,,,180.0
VI18799,V3452,P014,2022-01-11,2022-01-14,2022-01-15,2022-02-01,60.0
VI12797,V3453,P016,2021-07-17,2021-07-19,2021-07-29,2021-08-10,180.0
VI14377,V3464,P013,2022-12-09,2022-12-10,,,170.0
VI18610,V3471,P015,2023-06-24,,,,70.0
VI19105,V3471,P012,2023-06-24,,,,150.0
VI17665,V3477,P016,2020-11-24,2020-11-26,2020-12-06,2021-01-01,180.0
VI17463,V3480,P016,2020-08-29,2020-08-31,2020-09-04,,162.0
VI15509,V3487,P016,2022-10-16,2022-10-19,2022-10-23,2022-11-03,180.0
VI13293,V3490,P015,2023-06-15,2023-06-18,2023-06-28,2023-07-27,70.0
VI12906,V3511,P012,2022-07-10,2022-07-13,2022-07-17,2022-07-20,150.0
VI16981,V3511,P015,2022-07-10,2022-07-13,2022-07-17,2022-07-20,70.0
VI12334,V3516,P013,2023-06-09,2023-06-11,2023-06-17,2023-07-14,170.0
VI14189,V3518,P015,2021-03-23,2021-03-24,,,70.0
VI11968,V3529,P012,2022-09-03,,,,150.0
VI18808,V3530,P016,2022-08-19,2022-08-20,2022-08-28,2022-09-20,180.0
VI12249,V3540,P012,2023-06-29,2023-06-30,2023-07-04,2023-07-15,150.0
VI13482,V3543,P014,2023-04-21,,,,60.0
VI19420,V3544,P013,2022-12-15,,,,119.0
VI16334,V3551,P016,2022-12-09,2022-12-12,,,162.0
VI11130,V3564,P015,2021-02-03,,,,70.0
VI11422,V3566,P014,2023-01-04,2023-01-06,2023-01-14,,60.0
VI19497,V3578,P012,2022-11-29,,,,150.0
VI16156,V3603,P013,2021-07-06,2021-07-08,2021-07-13,,119.0
VI17480,V3609,P012,2020-09-25,,,,150.0
VI15689,V3610,P013,2023-01-08,2023-01-09,2023-01-18,2023-02-04,170.0
VI17612,V3618,P014,2023-03-10,,,,60.0
VI17380,V3619,P012,2023-01-03,,,,150.0
VI19944,V3625,P012,2023-04-07,,,,150.0
VI12483,V3634,P014,2021-09-23,2021-09-26,2021-10-02,,60.0
VI12649,V3636,P014,2022-02-07,,,,60.0
VI16532,V3636,P013,2022-02-07,,,,170.0
VI13868,V3644,P015,2023-05-29,,,,70.0
VI14630,V3649,P013,2020-08-01,,,,170.0
VI12093,V3651,P016,2021-06-26,2021-06-29,2021-06-30,2021-07-26,180.0
VI18395,V3652,P013,2022-12-10,2022-12-13,2022-12-20,,170.0
VI18191,V3654,P016,2021-10-08,2021-10-10,2021-10-14,,180.0
VI18670,V3658,P015,2022-09-27,2022-09-28,2022-10-06,,70.0
VI18914,V3659,P016,2021-11-29,2021-11-30,,,180.0
VI10934,V3661,P012,2022-02-27,,,,150.0
VI18548,V3665,P013,2020-10-14,2020-10-16,2020-10-25,,170.0
VI10014,V3669,P012,2023-06-24,2023-06-25,2023-07-02,2023-07-24,150.0
VI11853,V3671,P015,2023-05-03,2023-05-05,2023-05-12,2023-05-22,70.0
VI13386,V3682,P013,2022-10-23,,,,170.0
VI16758,V3683,P013,2022-05-27,2022-05-30,,,170.0
VI15269,V3684,P012,2023-05-26,2023-05-29,2023-06-08,,150.0
VI11852,V3685,P013,2023-05-13,2023-05-15,2023-05-25,2023-06-05,170.0
VI15306,V3687,P015,2023-06-23,2023-06-24,,,70.0
VI12085,V3689,P016,2022-08-09,,,,180.0
VI17590,V3689,P014,2022-08-09,,,,60.0
VI11808,V3691,P012,2021-09-02,2021-09-03,2021-09-12,,150.0
VI18939,V3701,P013,2022-08-19,2022-08-20,,,170.0
VI19748,V3703,P016,2023-05-13,2023-05-15,,,180.0
VI15507,V3717,P016,2022-03-12,2022-03-14,2022-03-21,,180.0
VI12478,V3737,P016,2022-04-03,,,,162.0
VI13451,V3738,P016,2021-12-01,2021-12-04,2021-12-11,2021-12-29,180.0
VI17293,V3747,P012,2023-01-26,2023-01-28,2023-02-01,,150.0
VI15716,V3753,P015,2020-06-06,2020-06-09,2020-06-17,,70.0
VI14113,V3762,P014,2023-04-16,2023-04-19,,,60.0
VI10849,V3773,P012,2022-10-26,,,,150.0
VI12470,V3779,P014,2023-04-12,,,,60.0
VI16546,V3780,P013,2023-06-27,2023-06-30,,,170.0
VI17430,V3805,P016,2022-09-30,,,,180.0
VI10107,V3806,P013,2021-10-27,2021-10-30,,,170.0
VI19640,V3806,P012,2021-10-27,2021-10-30,,,150.0
VI14749,V3810,P014,2020-09-02,2020-09-05,2020-09-09,2020-09-14,60.0
VI13642,V3819,P015,2023-06-24,2023-06-27,2023-07-07,2023-07-12,70.0
VI15615,V3819,P012,2023-06-24,2023-06-27,2023-07-07,2023-07-12,150.0
VI13566,V3830,P015,2022-05-20,2022-05-22,2022-06-01,2022-06-24,70.0
VI13965,V3831,P013,2023-06-21,2023-06-23,,,170.0
VI13838,V3835,P012,2023-04-14,2023-04-16,,,150.0
VI15489,V3836,P015,2021-10-07,,,,70.0
VI12899,V3842,P016,2022-10-09,,,,180.0
VI19558,V3847,P013,2023-01-26,,,,170.0
VI13525,V3849,P012,2020-04-17,2020-04-20,2020-04-28,2020-05-25,150.0
VI18323,V3849,P015,2020-04-17,2020-04-20,2020-04-28,2020-05-25,70.0
VI18743,V3851,P016,2023-06-13,,,,180.0
VI13552,V3855,P016,2022-01-01,,,,180.0
VI17167,V3859,P016,2022-05-16,2022-05-18,2022-05-24,,180.0
VI17044,V3863,P014,2023-03-02,,,,60.0
VI11783,V3884,P013,2021-12-06,2021-12-08,,,170.0
VI16863,V3890,P013,2021-10-06,,,,170.0
VI17487,V3894,P015,2023-02-27,2023-02-28,2023-03-07,,35.0
VI15296,V3897,P012,2019-12-24,2019-12-27,2019-12-30,,150.0
VI16614,V3900,P013,2019-10-20,,,,153.0
VI10592,V3904,P015,2023-03-04,,,,70.0
VI18245,V3905,P015,2022-06-05,2022-06-08,2022-06-18,,70.0
VI18139,V3909,P012,2023-04-10,2023-04-13,2023-04-14,2023-05-03,150.0
VI12785,V3911,P015,2023-01-02,,,,70.0
VI12771,V3914,P016,2022-12-11,2022-12-14,,,180.0
VI19393,V3919,P014,2019-08-11,2019-08-12,,,60.0
VI10105,V3926,P012,2020-09-22,2020-09-23,2020-09-28,2020-10-01,150.0
VI12163,V3927,P016,2023-02-17,2023-02-20,,,180.0
VI18754,V3929,P012,2022-08-03,2022-08-04,,,150.0
VI14179,V3932,P016,2022-04-24,2022-04-26,2022-05-04,2022-05-30,180.0
VI18853,V3936,P016,2023-02-06,2023-02-07,2023-02-14,,180.0
VI12831,V3942,P014,2022-01-17,,,,60.0
VI11467,V3947,P013,2023-04-28,2023-04-30,2023-05-10,2023-05-29,170.0
VI10859,V3951,P013,2023-05-05,,,,170.0
VI10499,V3958,P012,2023-02-03,,,,150.0
VI13471,V3958,P016,2023-02-03,,,,180.0
VI18124,V3958,P014,2023-02-03,,,,60.0
VI12672,V3963,P012,2023-06-18,2023-06-20,2023-06-25,2023-06-30,150.0
VI16061,V3963,P014,2023-06-18,2023-06-20,2023-06-25,2023-06-30,60.0
VI19133,V3965,P016,2023-01-09,2023-01-10,2023-01-18,2023-01-31,180.0
VI11016,V3967,P014,2023-04-23,2023-04-24,,,60.0
VI13081,V3969,P014,2021-04-21,,,,60.0
VI16052,V3969,P013,2021-04-21,,,,170.0
VI15253,V3970,P015,2023-03-07,,,,70.0
VI10296,V3977,P016,2023-06-19,,,,180.0
VI19569,V3980,P016,2022-03-03,2022-03-06,2022-03-15,2022-04-12,180.0
VI15384,V3994,P012,2020-10-26,,,,150.0
VI19429,V3997,P016,2022-12-07,2022-12-10,2022-12-18,,180.0
VI13161,V4018,P015,2022-12-29,,,,70.0
VI10462,V4023,P012,2023-06-28,2023-06-29,2023-07-07,2023-07-19,120.0
VI12419,V4027,P012,2022-09-09,2022-09-11,2022-09-16,,150.0
VI11021,V4030,P012,2021-12-09,2021-12-11,2021-12-13,,150.0
VI16122,V4033,P012,2022-12-16,,,,150.0
VI10984,V4036,P016,2021-07-16,,,,180.0
VI18854,V4040,P015,2023-06-12,,,,70.0
VI18806,V4043,P016,2022-01-07,,,,180.0
VI16300,V4048,P016,2023-04-10,,,,180.0
VI10170,V4058,P013,2022-11-29,2022-11-30,2022-12-05,2022-12-26,170.0
VI12618,V4060,P014,2022-04-02,2022-04-03,,,60.0
VI18503,V4060,P015,2022-04-02,2022-04-03,,,70.0
VI19422,V4064,P014,2023-03-21,2023-03-23,2023-03-28,2023-04-26,60.0
VI12876,V4069,P015,2023-03-28,,,,70.0
VI17112,V4073,P016,2021-07-02,,,,180.0
VI18380,V4085,P014,2023-04-05,2023-04-07,2023-04-12,2023-04-15,60.0
VI17641,V4097,P012,2022-02-10,2022-02-12,2022-02-20,,120.0
VI14454,V4099,P012,2022-11-22,,,,150.0
VI12300,V4103,P015,2022-02-02,,,,70.0
VI13033,V4111,P016,2022-03-11,,,,180.0
VI17868,V4112,P014,2021-04-24,2021-04-26,,,60.0
VI15664,V4116,P016,2021-12-13,2021-12-14,2021-12-17,2022-01-04,180.0
VI16823,V4116,P013,2021-12-13,2021-12-14,2021-12-17,2022-01-04,170.0
VI19751,V4119,P015,2022-05-28,,,,70.0
VI11641,V4122,P013,2023-06-16,2023-06-18,,,170.0
VI17097,V4122,P012,2023-06-16,2023-06-18,,,150.0
VI14054,V4131,P012,2023-06-27,2023-06-28,2023-07-02,2023-08-01,150.0
VI18051,V4132,P013,2023-01-14,,,,170.0
VI14613,V4144,P012,2022-04-01,2022-04-03,,,150.0
VI15416,V4162,P012,2023-02-07,,,,150.0
VI18426,V4165,P014,2021-09-02,2021-09-04,2021-09-07,2021-09-30,60.0
VI14389,V4168,P015,2020-01-28,,,,70.0
VI15843,V4170,P015,2023-06-24,,,,70.0
VI11267,V4178,P013,2022-12-21,,,,170.0
VI19456,V4178,P015,2022-12-21,,,,70.0
VI18701,V4186,P012,2023-03-27,2023-03-28,2023-03-31,,150.0
VI14226,V4188,P015,2023-04-06,2023-04-07,2023-04-10,2023-05-10,70.0
VI12461,V4192,P013,2021-11-09,,,,170.0
VI17880,V4226,P013,2020-01-02,,,,170.0
VI17094,V4239,P016,2022-11-21,2022-11-24,,,180.0
VI11813,V4245,P015,2022-03-30,,,,70.0
VI10391,V4263,P013,2020-07-30,2020-08-02,2020-08-03,,170.0
VI15124,V4276,P015,2022-12-20,,,,70.0
VI18635,V4279,P015,2022-01-15,,,,70.0
VI17726,V4284,P015,2022-07-03,2022-07-06,,,70.0
VI10077,V4292,P016,2023-03-26,2023-03-29,2023-03-31,,180.0
VI10209,V4292,P013,2023-03-26,2023-03-29,2023-03-31,,170.0
VI18313,V4292,P015,2023-03-26,2023-03-29,2023-03-31,,70.0
VI19758,V4293,P012,2023-03-16,2023-03-19,,,150.0
VI18111,V4295,P014,2023-05-19,2023-05-21,2023-05-30,,60.0
VI16413,V4296,P016,2022-11-22,,,,162.0
VI10539,V4298,P014,2023-01-10,2023-01-11,2023-01-19,2023-02-13,60.0
VI19663,V4305,P014,2020-11-15,2020-11-18,2020-11-28,,60.0
VI12502,V4315,P012,2023-01-10,,,,150.0
VI15242,V4319,P015,2022-10-25,,,,70.0
VI16310,V4321,P014,2023-03-17,2023-03-18,,,60.0
VI19244,V4333,P013,2020-11-11,2020-11-14,2020-11-24,,170.0
VI13143,V4334,P012,2019-10-01,,,,150.0
VI13331,V4334,P015,2019-10-01,,,,70.0
VI12653,V4336,P014,2023-06-26,,,,60.0
VI19582,V4339,P015,2023-04-14,,,,70.0
VI18506,V4346,P016,2020-11-14,2020-11-16,2020-11-24,2020-11-27,180.0
VI14748,V4362,P015,2023-05-21,2023-05-24,2023-05-27,,70.0
VI17939,V4376,P015,2022-05-09,2022-05-12,,,70.0
VI19282,V4383,P014,2020-01-04,,,,60.0
VI10521,V4400,P012,2023-04-27,2023-04-30,,,150.0
VI11476,V4407,P013,2021-12-22,2021-12-25,2022-01-03,,170.0
VI11551,V4407,P014,2021-12-22,2021-12-25,2022-01-03,,60.0
VI10479,V4410,P012,2021-09-13,2021-09-15,,,150.0
VI18207,V4417,P013,2022-11-26,2022-11-29,,,170.0
VI10205,V4421,P016,2022-06-10,,,,180.0
VI11848,V4423,P015,2023-03-18,2023-03-19,2023-03-26,,70.0
VI13818,V4423,P016,2023-03-18,2023-03-19,2023-03-26,,180.0
VI12378,V4425,P015,2022-10-13,,,,70.0
VI19711,V4426,P014,2019-06-06,,,,60.0
VI10036,V4433,P014,2023-02-28,,,,60.0
VI14116,V4445,P013,2022-08-10,2022-08-11,,,170.0
VI13851,V4460,P012,2023-04-06,2023-04-09,2023-04-16,,150.0
VI16260,V4463,P014,2022-12-18,2022-12-19,2022-12-25,,60.0
VI16323,V4464,P014,2020-09-11,2020-09-14,2020-09-22,2020-09-30,60.0
VI12562,V4470,P012,2023-04-20,2023-04-22,,,150.0
VI17935,V4472,P014,2020-05-03,2020-05-05,2020-05-14,2020-05-17,60.0
VI10424,V4474,P014,2022-12-18,,,,60.0
VI13057,V4481,P012,2023-06-26,,,,150.0
VI10966,V4484,P016,2022-01-26,2022-01-29,2022-01-30,,180.0
VI11128,V4485,P014,2023-06-28,2023-07-01,2023-07-05,,60.0
VI16732,V4507,P015,2022-09-23,2022-09-25,2022-09-30,,70.0
VI14664,V4513,P015,2022-07-26,,,,70.0
VI14988,V4517,P012,2023-05-29,,,,150.0
VI13967,V4519,P016,2022-07-27,2022-07-29,,,180.0
VI14202,V4534,P014,2022-10-14,,,,60.0
VI17802,V4534,P014,2022-10-14,,,,60.0
VI12803,V4536,P013,2023-06-30,2023-07-03,2023-07-10,2023-07-23,170.0
VI12369,V4543,P016,2022-02-06,2022-02-07,2022-02-15,,180.0
VI17753,V4547,P014,2021-07-17,,,,60.0
VI16145,V4554,P016,2023-06-10,,,,180.0
VI10500,V4559,P015,2023-06-28,2023-06-30,2023-07-01,,70.0
VI12265,V4559,P014,2023-06-28,2023-06-30,2023-07-01,,60.0
VI14140,V4563,P012,2020-03-16,2020-03-18,2020-03-21,2020-04-05,150.0
VI16557,V4569,P016,2023-05-24,2023-05-27,2023-05-28,,162.0
VI12001,V4581,P016,2022-09-12,2022-09-13,2022-09-21,,180.0
VI16969,V4590,P016,2020-08-23,2020-08-25,2020-09-03,2020-09-24,180.0
VI10488,V4607,P014,2019-05-09,,,,60.0
VI13169,V4619,P013,2022-12-15,,,,170.0
VI11507,V4626,P013,2021-09-18,,,,153.0
VI10390,V4629,P014,2022-10-07,,,,60.0
VI15777,V4638,P015,2023-05-31,2023-06-02,2023-06-04,,70.0
VI13685,V4647,P013,2023-05-26,2023-05-29,2023-06-07,2023-06-16,170.0
VI16408,V4649,P015,2023-04-17,,,,70.0
VI11925,V4653,P015,2022-02-07,2022-02-09,2022-02-14,,70.0
VI17268,V4672,P012,2022-07-15,,,,150.0
VI15133,V4690,P014,2023-06-02,2023-06-05,2023-06-10,,60.0
VI11313,V4699,P012,2019-08-22,2019-08-23,,,150.0
VI12686,V4701,P013,2022-11-28,,,,170.0
VI11355,V4723,P015,2023-06-01,2023-06-02,2023-06-06,,70.0
VI12905,V4725,P012,2023-03-31,,,,150.0
VI19076,V4725,P013,2023-03-31,,,,170.0
VI11791,V4727,P015,2022-10-06,2022-10-08,2022-10-09,2022-10-30,70.0
VI18820,V4727,P014,2022-10-06,2022-10-08,2022-10-09,2022-10-30,60.0
VI11701,V4746,P014,2022-05-31,2022-06-01,2022-06-03,,60.0
VI14573,V4749,P012,2023-06-10,2023-06-11,,,150.0
VI14009,V4752,P012,2023-06-24,,,,150.0
VI16441,V4767,P013,2022-01-10,2022-01-11,2022-01-18,,170.0
VI10097,V4770,P014,2023-05-01,,,,60.0
VI11441,V4779,P014,2023-05-07,2023-05-08,2023-05-15,,60.0
VI11934,V4781,P013,2022-10-03,2022-10-06,2022-10-07,,170.0
VI13648,V4784,P016,2023-06-30,,,,180.0
VI16146,V4787,P013,2023-01-21,,,,170.0
VI13793,V4788,P015,2022-09-01,2022-09-03,2022-09-05,,70.0
VI12143,V4789,P014,2023-03-06,,,,60.0
VI13549,V4796,P012,2022-11-24,,,,150.0
VI12139,V4797,P013,2020-11-14,,,,170.0
VI17046,V4801,P012,2023-04-03,,,,150.0
VI16377,V4814,P016,2023-05-09,2023-05-12,,,180.0
VI12725,V4815,P014,2021-04-11,2021-04-14,2021-04-17,,60.0
VI18515,V4818,P014,2021-04-10,,,,60.0
VI18102,V4822,P016,2023-06-26,2023-06-27,2023-06-28,,180.0
VI10939,V4823,P014,2021-07-02,,,,60.0
VI10594,V4824,P014,2023-02-22,,,,60.0
VI17284,V4824,P016,2023-02-22,,,,180.0
VI11916,V4832,P016,2022-06-10,2022-06-13,2022-06-18,,180.0
VI14887,V4834,P014,2022-06-22,2022-06-25,,,60.0
VI13076,V4841,P013,2023-01-02,,,,170.0
VI15512,V4851,P013,2023-06-27,,,,170.0
VI10143,V4859,P015,2021-04-13,2021-04-14,,,70.0
VI11068,V4859,P015,2021-04-13,2021-04-14,,,56.0
VI11140,V4867,P016,2022-12-27,2022-12-28,2022-12-29,2023-01-09,180.0
VI11528,V4868,P013,2023-02-25,2023-02-26,2023-03-02,2023-03-25,170.0
VI14660,V4873,P013,2023-01-08,,,,170.0
VI14059,V4884,P013,2023-05-03,,,,170.0
VI18320,V4889,P012,2023-03-30,2023-04-02,2023-04-07,,150.0
VI16200,V4910,P016,2022-01-23,2022-01-24,2022-01-26,2022-02-24,180.0
VI10958,V4911,P012,2022-02-17,,,,150.0
VI14635,V4923,P014,2022-12-14,2022-12-15,2022-12-18,,60.0
VI11768,V4926,P012,2023-01-09,,,,150.0
VI13239,V4928,P014,2023-06-28,,,,60.0
VI13905,V4935,P014,2019-11-01,,,,60.0
VI11366,V4943,P013,2021-09-11,,,,119.0
VI10023,V4952,P013,2023-05-16,2023-05-19,2023-05-29,,119.0
VI12101,V4953,P014,2023-06-17,2023-06-20,2023-06-30,,60.0
VI10743,V4957,P013,2023-02-06,,,,170.0
VI10907,V4973,P013,2022-11-16,2022-11-18,,,170.0
VI18706,V4978,P016,2023-01-16,,,,180.0
VI19127,V4979,P012,2022-12-06,,,,150.0
VI12595,V4980,P014,2022-12-12,2022-12-14,2022-12-16,,60.0
VI13376,V4982,P013,2021-08-24,,,,170.0
VI13438,V4984,P015,2022-10-05,2022-10-06,2022-10-13,,70.0
VI13142,V4987,P013,2020-02-29,,,,170.0
VI15812,V4994,P013,2021-07-18,2021-07-20,2021-07-21,2021-08-15,170.0
VI14463,V4998,P014,2022-03-16,2022-03-19,,,60.0
VI10749,V5014,P012,2020-06-28,,,,150.0
VI13272,V5017,P013,2023-02-05,2023-02-07,2023-02-10,2023-03-04,170.0
VI12377,V5018,P015,2023-06-16,2023-06-17,2023-06-21,2023-06-29,70.0
VI15947,V5020,P012,2022-12-19,2022-12-22,2022-12-30,2023-01-02,150.0
VI15605,V5025,P012,2021-07-10,2021-07-13,2021-07-18,2021-08-09,150.0
VI18549,V5028,P015,2023-03-23,2023-03-25,2023-04-03,,70.0
VI13341,V5036,P013,2021-03-18,2021-03-20,,,170.0
VI15049,V5038,P014,2022-09-01,2022-09-02,2022-09-11,,60.0
VI19866,V5054,P015,2022-06-01,2022-06-02,2022-06-11,,70.0
VI10903,V5062,P016,2023-03-20,2023-03-22,,,162.0
VI17396,V5065,P013,2021-04-05,,,,170.0
VI19611,V5069,P012,2022-03-20,2022-03-22,2022-03-26,,150.0
VI18149,V5082,P015,2021-05-13,2021-05-16,2021-05-20,2021-06-05,70.0
VI12443,V5089,P016,2023-05-06,2023-05-08,2023-05-13,,162.0
VI12851,V5092,P015,2022-04-26,2022-04-28,2022-05-01,,70.0
VI15179,V5095,P012,2023-01-21,2023-01-23,2023-02-01,2023-02-16,150.0
VI12267,V5108,P014,2022-10-05,,,,60.0
VI14614,V5108,P012,2022-10-05,,,,150.0
VI15097,V5121,P013,2020-06-28,2020-06-29,2020-07-03,,170.0
VI12941,V5125,P013,2022-09-11,,,,170.0
VI16942,V5127,P014,2020-12-03,2020-12-06,,,60.0
VI19428,V5132,P014,2021-02-11,2021-02-14,,,60.0
VI14799,V5135,P016,2020-03-01,,,,180.0
VI17735,V5138,P016,2023-03-06,2023-03-09,2023-03-12,2023-03-19,180.0
VI15106,V5144,P016,2020-08-22,2020-08-25,,,180.0
VI19257,V5153,P014,2023-02-05,2023-02-06,,,60.0
VI10455,V5161,P016,2023-03-19,,,,180.0
VI11219,V5162,P014,2023-06-13,,,,60.0
VI14440,V5174,P013,2022-07-10,2022-07-11,2022-07-15,2022-07-29,170.0
VI17627,V5174,P013,2022-07-10,2022-07-11,2022-07-15,2022-07-29,170.0
VI11995,V5182,P012,2022-07-07,2022-07-08,2022-07-10,,150.0
VI12018,V5185,P013,2022-10-07,,,,170.0
VI14594,V5185,P014,2022-10-07,,,,60.0
VI11891,V5190,P016,2020-08-14,2020-08-17,2020-08-26,,162.0
VI11912,V5191,P012,2023-06-10,2023-06-11,2023-06-12,2023-07-07,150.0
VI13348,V5194,P014,2022-06-23,2022-06-26,2022-07-01,2022-07-05,60.0
VI12286,V5196,P014,2020-03-20,2020-03-22,2020-03-28,,60.0
VI16275,V5197,P013,2019-12-06,2019-12-07,2019-12-14,,170.0
VI15585,V5203,P013,2023-03-08,2023-03-09,2023-03-10,,170.0
VI16173,V5211,P012,2023-03-07,,,,150.0
VI10890,V5217,P014,2021-12-22,,,,60.0
VI19535,V5222,P015,2019-10-24,,,,70.0
VI19684,V5224,P016,2023-05-22,,,,180.0
VI15212,V5231,P016,2023-05-14,,,,180.0
VI11797,V5260,P013,2020-12-11,2020-12-13,,,170.0
VI12739,V5260,P015,2020-12-11,2020-12-13,,,70.0
VI18318,V5261,P014,2021-04-16,2021-04-19,,,60.0
VI12047,V5263,P012,2022-11-04,,,,150.0
VI12513,V5279,P013,2021-05-22,2021-05-23,,,170.0
VI16024,V5282,P012,2023-01-29,2023-01-31,2023-02-01,,120.0
VI19407,V5294,P015,2019-07-29,2019-08-01,2019-08-08,2019-08-16,70.0
VI14047,V5296,P012,2022-08-23,,,,150.0
VI12313,V5297,P015,2022-04-25,,,,70.0
VI14280,V5297,P016,2022-04-25,,,,180.0
VI10988,V5310,P013,2023-02-05,2023-02-06,2023-02-11,2023-03-02,170.0
VI11011,V5315,P015,2022-07-03,2022-07-04,,,70.0
VI11644,V5319,P014,2022-06-06,,,,60.0
VI11228,V5321,P013,2023-03-24,,,,170.0
VI13337,V5323,P013,2023-05-31,2023-06-01,2023-06-10,2023-06-22,170.0
VI19322,V5323,P013,2023-05-31,2023-06-01,2023-06-10,2023-06-22,170.0
VI10848,V5325,P015,2021-11-29,2021-12-01,2021-12-08,,70.0
VI19470,V5330,P015,2019-10-01,,,,70.0
VI13235,V5338,P016,2021-04-30,2021-05-01,2021-05-10,,162.0
VI11114,V5343,P012,2023-02-02,2023-02-05,2023-02-11,2023-03-03,150.0
VI16857,V5349,P014,2023-06-24,2023-06-25,2023-07-01,2023-07-21,60.0
VI18294,V5352,P013,2023-05-08,2023-05-09,,,170.0
VI18306,V5358,P016,2023-06-04,,,,180.0
VI16127,V5368,P016,2021-12-17,2021-12-19,2021-12-26,,180.0
VI13048,V5378,P012,2022-12-17,,,,150.0
VI12626,V5386,P014,2021-01-06,,,,60.0
VI15789,V5386,P016,2021-01-06,,,,180.0
VI10508,V5387,P012,2023-06-26,,,,150.0
VI12713,V5387,P015,2023-06-26,,,,70.0
VI14852,V5390,P012,2023-04-24,2023-04-25,2023-04-30,,150.0
VI14543,V5394,P012,2022-03-03,2022-03-05,2022-03-10,2022-03-24,150.0
VI10045,V5400,P014,2023-04-12,2023-04-14,2023-04-18,,60.0
VI19204,V5406,P012,2021-06-14,2021-06-15,2021-06-19,2021-07-15,150.0
VI18532,V5412,P016,2023-05-05,,,,180.0
VI15906,V5413,P016,2022-03-13,2022-03-14,2022-03-18,2022-04-17,180.0
VI12910,V5415,P014,2021-12-08,2021-12-09,2021-12-14,2022-01-05,60.0
VI13880,V5415,P015,2021-12-08,2021-12-09,2021-12-14,2022-01-05,70.0
VI11153,V5416,P012,2022-09-06,,,,150.0
VI19117,V5417,P014,2020-03-02,2020-03-05,2020-03-14,2020-03-23,60.0
VI10115,V5423,P016,2023-06-12,2023-06-15,2023-06-19,2023-07-03,180.0
VI10626,V5430,P013,2023-03-27,2023-03-28,2023-04-03,2023-04-28,170.0
VI18165,V5432,P016,2022-05-02,,,,180.0
VI16663,V5437,P014,2023-05-15,,,,60.0
VI10315,V5440,P013,2020-09-15,,,,170.0
VI14628,V5441,P015,2022-11-19,2022-11-21,2022-11-26,,70.0
VI15955,V5446,P013,2023-03-08,2023-03-11,2023-03-18,2023-04-01,170.0
VI12172,V5454,P014,2023-01-19,2023-01-22,,,60.0
VI16899,V5454,P014,2023-01-19,2023-01-22,,,60.0
VI10561,V5456,P013,2021-05-26,,,,170.0
VI15476,V5462,P015,2023-06-29,2023-07-02,,,70.0
VI17075,V5465,P016,2022-03-13,2022-03-16,2022-03-17,2022-03-26,180.0
VI12427,V5470,P014,2023-03-17,2023-03-19,2023-03-20,2023-04-12,60.0
VI16416,V5470,P014,2023-03-17,2023-03-19,2023-03-20,2023-04-12,60.0
VI17525,V5474,P012,2020-05-26,2020-05-29,,,150.0
VI14471,V5483,P012,2023-03-04,,,,150.0
VI12026,V5487,P014,2023-06-22,2023-06-23,2023-06-29,,60.0
VI16844,V5491,P013,2023-06-19,2023-06-22,2023-06-29,2023-07-12,170.0
VI11415,V5492,P013,2023-06-05,2023-06-08,2023-06-15,2023-07-07,170.0
VI13731,V5497,P013,2023-04-04,,,,170.0
VI16705,V5497,P015,2023-04-04,,,,70.0
VI11457,V5498,P012,2022-07-12,,,,150.0
VI19737,V5505,P016,2021-08-19,2021-08-21,,,162.0
VI12016,V5510,P013,2023-06-27,2023-06-30,2023-07-09,2023-07-12,119.0
VI17544,V5511,P012,2023-01-29,,,,120.0
VI10850,V5523,P015,2021-11-21,2021-11-22,2021-12-01,,70.0
VI11503,V5523,P012,2021-11-21,2021-11-22,2021-12-01,,150.0
VI14879,V5528,P016,2020-03-13,2020-03-14,2020-03-19,2020-04-01,180.0
VI12815,V5544,P013,2022-02-17,,,,170.0
VI12447,V5546,P013,2022-02-11,,,,170.0
VI17647,V5547,P015,2022-02-16,2022-02-18,,,56.0
VI11082,V5563,P013,2023-05-27,,,,170.0
VI10089,V5572,P015,2021-08-22,2021-08-24,2021-09-01,,70.0
VI14062,V5577,P012,2023-05-03,,,,150.0
VI19173,V5579,P013,2023-03-06,2023-03-09,,,170.0
VI14331,V5582,P013,2022-01-13,2022-01-15,2022-01-25,,170.0
VI12559,V5584,P014,2022-01-17,,,,60.0
VI18390,V5588,P012,2022-03-11,,,,150.0
VI10002,V5589,P013,2021-09-25,2021-09-28,2021-10-02,,170.0
VI15236,V5589,P014,2021-09-25,2021-09-28,2021-10-02,,60.0
VI15682,V5589,P016,2021-09-25,2021-09-28,2021-10-02,,180.0
VI10971,V5590,P016,2022-04-06,2022-04-08,2022-04-10,,180.0
VI13436,V5601,P015,2023-05-18,2023-05-20,2023-05-30,2023-06-08,70.0
VI15570,V5607,P015,2023-06-22,,,,70.0
VI13735,V5611,P014,2022-02-14,,,,60.0
VI12379,V5646,P014,2019-11-06,2019-11-08,,,60.0
VI12123,V5648,P013,2023-05-30,2023-06-02,2023-06-07,,170.0
VI10230,V5662,P013,2022-07-06,2022-07-08,2022-07-13,2022-08-04,170.0
VI13480,V5664,P012,2022-01-14,2022-01-17,2022-01-21,2022-02-18,150.0
VI19980,V5666,P012,2022-10-09,,,,150.0
VI16023,V5674,P012,2023-02-14,,,,150.0
VI13317,V5675,P016,2020-12-27,,,,180.0
VI17124,V5685,P013,2022-03-20,2022-03-22,2022-03-27,,170.0
VI16713,V5709,P014,2021-11-13,,,,60.0
VI15378,V5713,P012,2023-02-12,,,,150.0
VI15787,V5716,P016,2022-04-09,2022-04-10,2022-04-18,,180.0
VI17309,V5729,P016,2023-02-11,2023-02-13,2023-02-23,,162.0
VI19864,V5736,P016,2020-12-14,2020-12-16,2020-12-18,2021-01-11,180.0
VI12225,V5751,P013,2022-05-06,2022-05-08,2022-05-11,2022-05-23,170.0
VI12298,V5762,P012,2019-09-06,2019-09-08,,,150.0
VI14535,V5766,P015,2021-02-11,,,,70.0
VI18952,V5768,P014,2022-03-15,,,,60.0
VI12546,V5804,P013,2020-03-28,2020-03-31,,,170.0
VI12122,V5812,P013,2023-06-27,2023-06-29,2023-07-07,2023-07-12,170.0
VI11759,V5840,P013,2022-11-08,2022-11-10,,,170.0
VI15404,V5844,P013,2020-02-24,2020-02-25,,,153.0
VI14172,V5848,P015,2022-10-29,2022-10-31,2022-11-06,2022-11-28,70.0
VI14355,V5848,P014,2022-10-29,2022-10-31,2022-11-06,2022-11-28,60.0
VI10665,V5849,P013,2022-01-12,,,,170.0
VI18627,V5855,P016,2023-03-30,,,,180.0
VI17348,V5867,P015,2023-03-06,2023-03-08,,,70.0
VI15804,V5873,P012,2019-10-14,,,,150.0
VI18685,V5873,P014,2019-10-14,,,,60.0
VI14907,V5879,P012,2023-06-21,2023-06-24,2023-06-25,,150.0
VI16729,V5883,P012,2021-10-10,2021-10-12,,,150.0
VI13809,V5899,P016,2019-12-20,2019-12-23,2020-01-02,2020-01-24,180.0
VI10339,V5904,P013,2021-04-08,2021-04-09,2021-04-12,,170.0
VI10071,V5911,P016,2021-03-01,,,,180.0
VI11956,V5918,P014,2023-02-02,,,,60.0
VI19667,V5924,P015,2021-06-05,2021-06-07,,,70.0
VI18985,V5925,P015,2022-07-06,,,,70.0
VI19697,V5931,P016,2022-07-01,2022-07-03,2022-07-07,,180.0
VI19708,V5931,P012,2022-07-01,2022-07-03,2022-07-07,,150.0
VI13105,V5933,P013,2023-06-18,2023-06-20,2023-06-23,2023-07-20,170.0
VI15010,V5935,P013,2023-05-28,,,,170.0
VI18044,V5935,P012,2023-05-28,,,,150.0
VI12753,V5942,P016,2021-05-11,2021-05-14,2021-05-19,,162.0
VI12676,V5947,P012,2023-06-29,2023-07-02,2023-07-10,2023-07-23,150.0
VI14313,V5957,P015,2023-06-28,2023-06-30,,,35.0
VI11861,V5958,P014,2023-01-22,2023-01-25,,,60.0
VI14647,V5961,P014,2023-06-16,2023-06-19,2023-06-27,,60.0
VI16612,V5962,P013,2022-09-13,2022-09-15,2022-09-23,2022-10-10,170.0
VI10489,V5966,P015,2023-05-03,2023-05-05,,,70.0
VI16556,V5969,P014,2023-03-05,,,,60.0
VI10187,V5974,P013,2020-04-27,2020-04-28,,,170.0
VI17395,V5980,P015,2022-05-19,2022-05-22,,,70.0
VI16308,V5984,P012,2023-03-01,2023-03-02,2023-03-07,2023-03-14,150.0
VI19333,V5999,P014,2023-06-30,2023-07-03,,,60.0
VI19009,V6004,P015,2023-03-12,2023-03-13,2023-03-15,,70.0
VI13264,V6013,P015,2022-09-28,,,,70.0
VI10169,V6018,P016,2021-04-26,2021-04-29,,,180.0
VI14390,V6018,P015,2021-04-26,2021-04-29,,,70.0
VI15172,V6024,P014,2022-12-30,,,,60.0
VI14349,V6028,P016,2023-03-18,2023-03-21,2023-03-25,2023-04-16,180.0
VI16337,V6040,P014,2023-02-15,,,,60.0
VI10602,V6041,P016,2022-08-10,2022-08-11,2022-08-16,,180.0
VI11547,V6044,P014,2022-03-24,2022-03-26,,,60.0
VI13887,V6044,P015,2022-03-24,2022-03-26,,,70.0
VI12234,V6045,P012,2023-06-22,,,,150.0
VI10564,V6046,P013,2023-04-18,,,,119.0
VI14816,V6053,P015,2022-12-10,,,,56.0
VI12902,V6056,P013,2021-11-10,2021-11-11,,,170.0
VI17953,V6058,P013,2023-06-18,,,,170.0
VI17856,V6066,P012,2022-05-18,2022-05-19,,,150.0
VI19247,V6070,P016,2022-09-13,,,,180.0
VI11176,V6071,P012,2022-12-26,2022-12-29,2023-01-08,,150.0
VI16048,V6071,P015,2022-12-26,2022-12-29,2023-01-08,,70.0
VI12228,V6077,P014,2022-09-12,,,,60.0
VI15279,V6080,P014,2022-08-09,2022-08-11,2022-08-19,,60.0
VI16925,V6091,P015,2023-04-22,2023-04-23,2023-05-01,2023-05-11,70.0
VI13475,V6092,P014,2022-10-28,2022-10-30,2022-11-05,,60.0
VI15515,V6101,P013,2023-01-05,2023-01-08,2023-01-18,2023-02-13,153.0
VI17415,V6103,P012,2023-04-14,,,,150.0
VI19074,V6119,P015,2023-06-14,2023-06-16,2023-06-23,2023-06-29,70.0
VI18080,V6121,P015,2021-04-15,2021-04-16,2021-04-23,2021-05-13,35.0
VI18620,V6143,P013,2023-06-30,2023-07-01,2023-07-04,,170.0
VI17752,V6144,P015,2023-06-26,2023-06-28,2023-07-01,2023-07-21,70.0
VI13422,V6151,P015,2022-02-16,,,,70.0
VI16711,V6168,P016,2022-07-16,,,,180.0
VI12573,V6170,P014,2023-05-07,2023-05-08,,,60.0
VI17488,V6172,P013,2023-04-27,2023-04-29,2023-05-04,,170.0
VI17858,V6179,P015,2023-06-28,2023-07-01,,,70.0
VI12635,V6193,P016,2020-07-26,,,,180.0
VI12381,V6203,P015,2020-10-25,2020-10-27,2020-11-05,,70.0
VI12235,V6205,P012,2020-12-27,,,,150.0
VI16806,V6206,P015,2023-06-30,,,,35.0
VI18975,V6212,P012,2022-07-05,,,,150.0
VI12023,V6223,P015,2022-07-19,2022-07-21,2022-07-27,,70.0
VI13559,V6226,P015,2023-01-18,2023-01-19,2023-01-22,,70.0
VI13094,V6230,P012,2021-11-23,,,,150.0
VI15869,V6250,P015,2023-03-04,2023-03-06,2023-03-13,2023-03-30,56.0
VI15061,V6252,P012,2023-05-28,,,,150.0
VI14686,V6261,P015,2023-06-08,2023-06-09,,,70.0
VI11429,V6268,P012,2023-04-06,,,,150.0
VI19830,V6271,P015,2023-04-02,,,,70.0
VI11446,V6273,P016,2020-08-06,,,,180.0
VI15187,V6280,P013,2019-09-06,2019-09-09,2019-09-19,,170.0
VI12469,V6295,P014,2021-03-27,2021-03-30,2021-04-07,2021-04-13,60.0
VI18968,V6295,P012,2021-03-27,2021-03-30,2021-04-07,2021-04-13,150.0
VI16881,V6296,P012,2019-07-22,2019-07-23,2019-07-29,2019-08-23,150.0
VI18845,V6296,P016,2019-07-22,2019-07-23,2019-07-29,2019-08-23,180.0
VI12703,V6298,P014,2020-06-02,,,,60.0
VI17195,V6298,P012,2020-06-02,,,,150.0
VI20000,V6312,P016,2023-06-26,,,,180.0
VI18686,V6319,P015,2022-06-06,2022-06-08,2022-06-14,,70.0
VI17513,V6334,P013,2023-04-28,,,,170.0
VI12021,V6336,P014,2022-09-21,,,,60.0
VI10834,V6339,P016,2022-01-08,2022-01-11,2022-01-14,2022-02-10,180.0
VI15399,V6340,P016,2023-04-08,2023-04-11,,,162.0
VI12098,V6345,P013,2022-08-22,,,,170.0
VI16212,V6350,P013,2022-09-02,2022-09-04,2022-09-08,2022-10-05,170.0
VI18691,V6350,P012,2022-09-02,2022-09-04,2022-09-08,2022-10-05,150.0
VI14570,V6353,P014,2022-12-02,,,,60.0
VI10591,V6357,P013,2022-06-02,,,,170.0
VI14105,V6358,P014,2020-08-03,,,,60.0
VI16424,V6360,P014,2022-11-22,,,,60.0
VI13392,V6364,P014,2021-06-03,2021-06-05,2021-06-13,2021-06-19,60.0
VI12495,V6369,P013,2021-02-14,,,,170.0
VI15159,V6379,P012,2022-12-17,2022-12-20,2022-12-30,,150.0
VI13682,V6381,P012,2022-02-22,,,,150.0
VI12065,V6400,P015,2023-02-22,2023-02-24,2023-02-28,,70.0
VI14356,V6400,P012,2023-02-22,2023-02-24,2023-02-28,,150.0
VI13090,V6403,P013,2021-09-12,2021-09-15,2021-09-17,2021-10-01,170.0
VI18656,V6417,P016,2022-12-23,2022-12-26,,,180.0
VI15563,V6425,P016,2022-06-18,2022-06-21,2022-06-26,,180.0
VI11896,V6439,P015,2023-03-18,,,,70.0
VI13240,V6445,P014,2023-03-30,2023-03-31,,,60.0
VI15316,V6454,P014,2022-08-11,2022-08-12,2022-08-15,2022-09-10,60.0
VI19281,V6455,P014,2021-11-08,2021-11-11,,,60.0
VI13946,V6457,P016,2023-03-08,,,,180.0
VI15726,V6462,P012,2023-05-10,2023-05-12,2023-05-19,,150.0
VI13291,V6464,P016,2023-01-10,2023-01-12,2023-01-18,2023-02-03,180.0
VI18998,V6465,P013,2023-06-04,2023-06-05,2023-06-13,2023-06-26,170.0
VI14396,V6477,P015,2022-12-02,2022-12-04,,,70.0
VI18521,V6486,P015,2022-07-02,,,,70.0
VI17686,V6493,P015,2023-06-28,2023-06-29,,,70.0
VI18042,V6502,P014,2023-03-25,,,,60.0
VI18697,V6511,P012,2023-04-13,2023-04-15,2023-04-25,,150.0
VI19358,V6517,P013,2023-01-31,2023-02-02,,,170.0
VI16647,V6520,P016,2023-04-11,,,,180.0
VI14125,V6530,P016,2023-05-16,2023-05-18,2023-05-19,2023-06-06,180.0
VI19536,V6535,P015,2022-11-25,2022-11-26,2022-12-05,2022-12-28,70.0
VI15534,V6540,P015,2023-05-12,,,,70.0
VI10963,V6544,P014,2021-08-20,,,,60.0
VI16343,V6544,P012,2021-08-20,,,,150.0
VI12457,V6548,P012,2022-08-10,,,,150.0
VI14128,V6549,P015,2021-12-07,,,,70.0
VI18212,V6550,P016,2023-05-10,,,,180.0
VI18933,V6553,P012,2022-07-09,2022-07-12,2022-07-19,2022-08-17,150.0
VI17550,V6555,P015,2020-08-15,2020-08-17,2020-08-26,2020-09-04,70.0
VI13587,V6558,P015,2021-03-21,2021-03-22,2021-03-29,,70.0
VI19279,V6569,P015,2023-01-18,2023-01-19,2023-01-26,,70.0
VI18110,V6570,P012,2023-01-26,,,,150.0
VI12501,V6572,P013,2022-10-16,2022-10-19,2022-10-28,,170.0
VI11509,V6575,P015,2021-08-11,,,,70.0
VI12306,V6576,P012,2023-05-29,2023-05-30,2023-05-31,2023-06-10,150.0
VI15731,V6584,P014,2021-01-06,2021-01-08,2021-01-10,,60.0
VI15056,V6585,P016,2021-11-24,2021-11-26,2021-11-29,2021-12-29,180.0
VI12282,V6586,P016,2023-05-18,2023-05-20,2023-05-28,,180.0
VI18501,V6602,P015,2021-08-31,2021-09-03,2021-09-12,2021-10-09,70.0
VI10452,V6605,P015,2020-05-18,,,,70.0
VI15313,V6605,P016,2020-05-18,,,,162.0
VI17682,V6605,P015,2020-05-18,,,,70.0
VI12301,V6608,P014,2022-08-22,2022-08-25,2022-08-31,,60.0
VI19700,V6617,P012,2022-04-10,,,,150.0
VI17473,V6626,P015,2022-08-08,2022-08-09,2022-08-16,2022-09-05,70.0
VI14531,V6627,P013,2023-03-16,2023-03-19,2023-03-21,2023-04-11,170.0
VI14712,V6629,P013,2021-07-08,2021-07-10,,,170.0
VI14497,V6634,P016,2023-03-07,2023-03-08,,,180.0
VI17414,V6639,P013,2020-12-09,,,,170.0
VI10593,V6655,P015,2022-10-24,2022-10-27,2022-10-28,,70.0
VI18541,V6662,P015,2020-09-15,2020-09-18,2020-09-25,,70.0
VI12087,V6663,P012,2023-04-28,2023-04-30,,,150.0
VI18307,V6668,P014,2023-03-27,2023-03-29,2023-03-31,,60.0
VI14754,V6672,P015,2022-09-13,,,,70.0
VI19589,V6686,P012,2023-03-04,2023-03-05,2023-03-13,,150.0
VI14962,V6689,P013,2023-05-18,2023-05-20,2023-05-22,2023-06-09,170.0
VI16986,V6689,P013,2023-05-18,2023-05-20,2023-05-22,2023-06-09,170.0
VI18516,V6689,P015,2023-05-18,2023-05-20,2023-05-22,2023-06-09,70.0
VI17467,V6692,P015,2022-01-31,2022-02-03,2022-02-04,2022-02-12,70.0
VI11230,V6696,P013,2022-11-23,2022-11-24,2022-11-30,,119.0
VI17512,V6696,P015,2022-11-23,2022-11-24,2022-11-30,,70.0
VI10707,V6704,P016,2020-03-06,,,,180.0
VI13586,V6707,P015,2022-06-12,2022-06-13,,,70.0
VI15848,V6708,P015,2021-07-19,2021-07-22,2021-07-30,2021-08-27,70.0
VI16140,V6709,P014,2023-04-12,2023-04-15,,,60.0
VI17236,V6710,P016,2023-02-26,2023-03-01,2023-03-02,2023-03-28,162.0
VI19062,V6710,P016,2023-02-26,2023-03-01,2023-03-02,2023-03-28,180.0
VI11894,V6716,P014,2023-01-27,2023-01-30,,,60.0
VI15541,V6718,P013,2021-10-10,,,,170.0
VI15684,V6718,P013,2021-10-10,,,,170.0
VI16461,V6722,P013,2022-02-03,,,,170.0
VI12773,V6734,P013,2021-01-21,,,,170.0
VI10018,V6747,P013,2023-05-03,2023-05-06,2023-05-08,2023-05-22,170.0
VI11401,V6758,P014,2022-11-02,2022-11-03,,,60.0
VI16860,V6763,P015,2020-04-29,2020-05-02,2020-05-06,,70.0
VI18667,V6769,P016,2023-02-28,,,,162.0
VI19178,V6773,P013,2021-11-27,2021-11-28,,,170.0
VI12293,V6778,P014,2023-05-08,,,,60.0
VI10010,V6782,P013,2022-06-04,2022-06-05,,,170.0
VI19042,V6786,P016,2019-04-28,2019-05-01,2019-05-07,,180.0
VI11075,V6787,P014,2022-09-09,2022-09-12,2022-09-13,,60.0
VI16295,V6790,P015,2023-06-02,,,,70.0
VI16440,V6791,P016,2022-11-13,,,,180.0
VI13349,V6794,P012,2022-02-18,2022-02-21,2022-03-03,2022-03-14,150.0
VI17010,V6799,P014,2022-07-16,2022-07-17,2022-07-18,2022-07-29,60.0
VI17122,V6809,P014,2023-06-21,,,,60.0
VI19783,V6813,P015,2022-09-02,2022-09-03,,,35.0
VI16107,V6818,P015,2022-02-20,2022-02-21,2022-02-25,,70.0
VI12933,V6828,P013,2021-10-25,2021-10-27,2021-10-30,2021-11-09,170.0
VI18465,V6829,P016,2021-11-09,2021-11-11,2021-11-19,,162.0
VI11120,V6839,P015,2020-09-07,,,,70.0
VI17101,V6844,P014,2022-12-19,,,,60.0
VI12251,V6848,P013,2023-06-13,2023-06-16,2023-06-19,,170.0
VI18861,V6863,P013,2022-09-19,,,,170.0
VI19199,V6878,P015,2023-06-28,2023-07-01,2023-07-03,2023-07-18,70.0
VI14490,V6882,P014,2022-08-02,,,,60.0
VI15407,V6883,P014,2023-06-10,2023-06-13,2023-06-22,2023-07-05,60.0
VI17264,V6889,P014,2023-03-23,,,,60.0
VI12590,V6892,P015,2022-10-27,,,,70.0
VI10600,V6893,P016,2019-06-09,2019-06-12,,,180.0
VI14401,V6895,P016,2020-08-15,2020-08-16,,,180.0
VI13170,V6897,P016,2022-02-12,2022-02-13,,,180.0
VI18657,V6897,P012,2022-02-12,2022-02-13,,,150.0
VI11860,V6899,P016,2022-09-20,2022-09-23,,,162.0
VI18400,V6900,P012,2023-06-10,,,,150.0
VI11694,V6901,P012,2022-04-09,2022-04-11,2022-04-16,,150.0
VI13384,V6901,P012,2022-04-09,2022-04-11,2022-04-16,,150.0
VI16910,V6912,P013,2023-01-08,2023-01-09,,,170.0
VI13922,V6920,P013,2022-12-27,,,,170.0
VI19935,V6921,P016,2022-06-20,2022-06-21,,,180.0
VI11116,V6923,P015,2023-06-08,,,,70.0
VI16887,V6935,P016,2023-05-30,,,,180.0
VI10716,V6942,P013,2023-06-18,2023-06-20,2023-06-21,,170.0
VI16531,V6943,P012,2022-05-07,2022-05-09,,,150.0
VI19588,V6947,P015,2021-09-18,,,,70.0
VI19378,V6953,P016,2023-06-22,,,,180.0
VI19802,V6960,P015,2022-10-27,,,,35.0
VI18053,V6964,P012,2023-02-02,2023-02-05,2023-02-14,2023-03-04,150.0
VI12305,V6968,P013,2023-06-04,2023-06-07,,,170.0
VI13743,V6969,P012,2022-10-05,2022-10-06,2022-10-09,2022-10-23,150.0
VI16261,V6973,P014,2020-03-12,2020-03-14,,,60.0
VI13597,V7000,P015,2020-08-03,2020-08-04,2020-08-14,2020-09-08,70.0
VI19738,V7008,P013,2022-11-26,,,,170.0
VI18540,V7009,P013,2022-05-27,,,,170.0
VI12403,V7014,P016,2022-02-14,2022-02-16,,,162.0
VI14640,V7018,P012,2022-09-04,2022-09-05,2022-09-08,2022-09-22,150.0
VI18822,V7019,P013,2021-12-22,2021-12-23,2021-12-24,2022-01-16,170.0
VI13700,V7030,P015,2023-01-20,,,,70.0
VI12567,V7032,P014,2023-06-24,2023-06-25,,,60.0
VI11255,V7035,P012,2020-07-18,2020-07-19,2020-07-23,2020-07-27,150.0
VI19082,V7055,P012,2023-01-12,2023-01-13,2023-01-17,2023-02-12,150.0
VI19653,V7057,P014,2022-11-22,2022-11-24,2022-12-04,2022-12-12,60.0
VI18093,V7059,P016,2023-01-14,2023-01-15,2023-01-20,2023-02-15,180.0
VI15773,V7072,P014,2023-02-06,2023-02-08,,,60.0
VI15614,V7078,P013,2023-02-10,2023-02-11,2023-02-14,,170.0
VI11474,V7079,P013,2022-05-07,2022-05-10,,,119.0
VI15613,V7079,P016,2022-05-07,2022-05-10,,,180.0
VI19593,V7084,P014,2021-04-08,2021-04-09,2021-04-13,,60.0
VI10168,V7088,P016,2022-01-21,2022-01-24,2022-02-02,,180.0
VI18269,V7098,P014,2021-07-26,2021-07-28,2021-07-30,,60.0
VI13737,V7102,P013,2022-08-16,,,,170.0
VI14984,V7102,P014,2022-08-16,,,,60.0
VI13157,V7108,P014,2020-09-30,2020-10-01,2020-10-03,2020-10-22,60.0
VI19950,V7109,P014,2021-11-10,2021-11-11,2021-11-20,,60.0
VI16659,V7112,P016,2023-06-20,2023-06-21,,,180.0
VI10151,V7116,P015,2022-08-30,2022-09-01,2022-09-07,2022-09-22,70.0
VI10324,V7125,P012,2022-01-19,2022-01-21,,,150.0
VI17529,V7126,P016,2021-11-29,2021-11-30,2021-12-07,2021-12-15,180.0
VI11767,V7143,P013,2022-04-04,,,,170.0
VI13560,V7147,P016,2022-05-11,2022-05-13,2022-05-18,2022-06-04,180.0
VI16838,V7150,P014,2023-05-28,2023-05-29,2023-06-07,2023-06-26,60.0
VI11025,V7154,P012,2022-11-06,,,,150.0
VI13290,V7158,P013,2022-08-01,,,,170.0
VI13238,V7160,P015,2022-02-19,,,,70.0
VI15257,V7165,P014,2022-09-08,,,,60.0
VI10182,V7173,P015,2019-12-29,,,,70.0
VI10703,V7181,P015,2023-04-21,,,,70.0
VI13593,V7185,P013,2022-12-02,2022-12-04,,,170.0
VI18030,V7192,P015,2022-10-20,2022-10-23,,,70.0
VI14776,V7205,P013,2022-08-06,,,,170.0
VI17434,V7209,P014,2023-03-28,2023-03-31,2023-04-06,,60.0
VI14977,V7214,P012,2022-10-04,2022-10-07,2022-10-13,,150.0
VI12449,V7216,P015,2022-02-21,2022-02-24,2022-03-05,2022-03-28,70.0
VI15888,V7229,P013,2021-05-18,2021-05-19,2021-05-25,,170.0
VI14653,V7232,P012,2020-01-30,2020-02-01,,,150.0
VI15203,V7234,P013,2023-05-02,2023-05-04,,,170.0
VI18279,V7234,P015,2023-05-02,2023-05-04,,,70.0
VI16005,V7238,P013,2021-08-16,,,,170.0
VI12372,V7242,P012,2023-05-18,,,,150.0
VI12553,V7242,P013,2023-05-18,,,,119.0
VI19313,V7250,P012,2022-12-01,,,,150.0
VI16384,V7252,P013,2020-11-29,2020-12-01,,,170.0
VI10670,V7268,P013,2022-09-12,2022-09-13,2022-09-23,,170.0
VI15354,V7273,P012,2020-09-23,2020-09-24,2020-09-30,,150.0
VI10664,V7278,P015,2022-03-04,2022-03-07,2022-03-12,2022-03-16,70.0
VI15437,V7289,P014,2023-04-24,2023-04-27,,,60.0
VI13979,V7292,P012,2022-10-06,,,,150.0
VI14161,V7293,P014,2023-01-04,2023-01-05,2023-01-12,2023-01-25,60.0
VI13918,V7300,P014,2023-06-29,,,,60.0
VI19005,V7307,P014,2023-03-14,2023-03-16,2023-03-23,,60.0
VI12168,V7322,P013,2022-11-30,,,,170.0
VI16936,V7323,P015,2023-06-02,2023-06-05,2023-06-06,,70.0
VI12855,V7329,P012,2019-08-10,,,,150.0
VI13681,V7334,P013,2021-07-26,,,,170.0
VI16322,V7334,P014,2021-07-26,,,,60.0
VI17949,V7338,P015,2022-04-28,2022-04-29,,,70.0
VI14403,V7352,P013,2023-03-01,2023-03-04,2023-03-13,2023-03-20,170.0
VI13608,V7356,P012,2023-06-04,2023-06-06,2023-06-07,,150.0
VI10364,V7359,P016,2022-04-16,2022-04-18,2022-04-21,2022-05-01,180.0
VI17649,V7383,P012,2023-03-12,,,,150.0
VI19572,V7390,P014,2022-02-09,,,,60.0
VI18709,V7398,P014,2022-11-02,,,,60.0
VI10252,V7407,P014,2022-06-02,2022-06-05,2022-06-07,2022-07-07,60.0
VI18544,V7408,P016,2023-03-31,2023-04-02,2023-04-10,,180.0
VI15547,V7416,P016,2023-01-07,,,,180.0
VI18599,V7428,P015,2022-01-26,2022-01-28,,,70.0
VI11497,V7435,P015,2022-09-01,,,,70.0
VI12687,V7437,P015,2019-02-11,,,,70.0
VI16172,V7449,P014,2022-11-26,2022-11-28,,,60.0
VI15261,V7450,P012,2023-04-18,,,,150.0
VI14982,V7458,P015,2021-05-03,2021-05-05,2021-05-09,2021-05-30,70.0
VI16995,V7463,P013,2023-05-08,2023-05-11,2023-05-21,2023-05-30,170.0
VI18908,V7465,P016,2020-06-27,2020-06-29,2020-07-04,2020-07-14,180.0
VI14641,V7477,P012,2023-06-26,,,,120.0
VI15882,V7482,P014,2023-02-12,,,,60.0
VI18115,V7483,P014,2022-07-30,2022-08-01,2022-08-09,2022-08-30,60.0
VI10008,V7490,P016,2022-03-27,2022-03-30,2022-03-31,2022-04-14,180.0
VI10176,V7490,P012,2022-03-27,2022-03-30,2022-03-31,2022-04-14,150.0
VI19312,V7496,P016,2020-09-21,2020-09-24,2020-10-01,,180.0
VI11245,V7506,P012,2023-04-04,,,,150.0
VI13018,V7511,P015,2022-06-24,2022-06-26,2022-06-28,2022-07-04,70.0
VI11071,V7515,P014,2021-05-14,2021-05-17,,,60.0
VI11443,V7521,P013,2023-01-22,2023-01-25,,,170.0
VI16276,V7534,P013,2023-06-24,2023-06-25,2023-06-26,2023-07-26,170.0
VI13573,V7535,P014,2022-12-08,,,,60.0
VI12894,V7543,P016,2022-11-16,2022-11-18,2022-11-28,,180.0
VI12110,V7545,P013,2022-06-25,,,,170.0
VI17552,V7546,P016,2023-01-15,2023-01-16,,,180.0
VI16242,V7549,P014,2023-05-21,2023-05-22,2023-05-31,2023-06-03,60.0
VI14912,V7555,P013,2023-04-11,,,,170.0
VI13413,V7560,P014,2022-07-06,2022-07-09,,,60.0
VI16555,V7576,P016,2022-11-29,2022-11-30,,,180.0
VI13904,V7588,P016,2022-11-16,2022-11-18,,,180.0
VI18151,V7588,P012,2022-11-16,2022-11-18,,,120.0
VI15715,V7591,P016,2023-02-27,,,,162.0
VI13655,V7595,P016,2023-01-06,2023-01-07,2023-01-09,,180.0
VI10375,V7607,P012,2022-12-01,2022-12-03,2022-12-04,2022-12-28,150.0
VI10467,V7609,P013,2022-11-11,2022-11-13,,,170.0
VI13677,V7611,P013,2022-06-29,2022-06-30,,,170.0
VI18673,V7619,P016,2021-12-11,2021-12-13,2021-12-22,,180.0
VI11058,V7621,P014,2022-11-01,,,,60.0
VI15039,V7633,P012,2021-07-26,2021-07-28,2021-08-01,2021-08-26,150.0
VI14200,V7638,P015,2023-04-08,,,,70.0
VI18378,V7641,P015,2022-11-21,,,,70.0
VI19555,V7646,P016,2023-05-26,,,,180.0
VI10051,V7649,P013,2022-12-10,2022-12-12,,,170.0
VI16233,V7650,P012,2022-01-27,2022-01-30,2022-02-01,,150.0
VI16886,V7665,P013,2023-06-13,2023-06-15,2023-06-18,,119.0
VI13464,V7682,P014,2021-09-07,2021-09-08,2021-09-17,2021-09-24,60.0
VI10145,V7683,P012,2022-05-15,2022-05-17,,,150.0
VI17751,V7693,P016,2020-07-04,,,,180.0
VI17257,V7695,P013,2020-10-11,,,,170.0
VI18129,V7697,P016,2023-04-27,,,,162.0
VI18445,V7704,P014,2020-01-02,2020-01-04,2020-01-12,,60.0
VI19637,V7704,P013,2020-01-02,2020-01-04,2020-01-12,,170.0
VI15656,V7706,P013,2023-04-24,,,,170.0
VI18479,V7706,P013,2023-04-24,,,,170.0
VI14115,V7707,P016,2022-09-21,2022-09-23,2022-09-25,,180.0
VI10537,V7709,P012,2023-06-30,2023-07-01,2023-07-11,2023-07-22,150.0
VI15811,V7710,P015,2022-09-09,2022-09-11,,,70.0
VI16793,V7717,P014,2021-03-31,,,,60.0
VI19600,V7735,P014,2021-07-06,2021-07-08,2021-07-17,2021-07-24,60.0
VI15667,V7737,P016,2022-02-08,2022-02-11,,,180.0
VI16883,V7740,P014,2021-10-07,2021-10-09,2021-10-17,,60.0
VI11188,V7749,P014,2023-05-09,2023-05-11,,,60.0
VI17329,V7751,P013,2022-10-08,2022-10-11,,,170.0
VI13298,V7762,P016,2022-12-14,2022-12-17,,,162.0
VI12811,V7776,P012,2023-05-05,2023-05-06,2023-05-13,2023-05-22,150.0
VI16516,V7782,P016,2023-06-25,2023-06-27,2023-07-03,2023-07-15,180.0
VI17175,V7786,P013,2023-06-02,2023-06-03,2023-06-10,,170.0
VI14769,V7790,P014,2023-02-24,2023-02-26,,,60.0
VI17701,V7807,P013,2021-01-01,2021-01-02,2021-01-10,,170.0
VI14018,V7810,P014,2022-06-12,2022-06-14,2022-06-22,,60.0
VI11383,V7812,P016,2022-08-08,2022-08-10,,,180.0
VI17306,V7815,P013,2022-11-25,,,,170.0
VI13344,V7817,P016,2021-10-27,,,,162.0
VI19121,V7818,P013,2020-07-02,2020-07-03,2020-07-10,2020-07-18,153.0
VI15452,V7824,P013,2021-06-04,,,,170.0
VI11966,V7830,P016,2022-03-17,,,,162.0
VI17817,V7836,P014,2023-04-17,,,,60.0
VI11631,V7838,P016,2023-06-27,,,,180.0
VI19752,V7844,P014,2022-08-02,2022-08-05,2022-08-08,2022-08-24,60.0
VI10975,V7848,P013,2023-06-17,2023-06-19,2023-06-28,,170.0
VI15485,V7854,P015,2023-02-09,,,,70.0
VI10030,V7858,P015,2022-07-05,2022-07-07,,,70.0
VI10401,V7863,P012,2020-06-21,,,,150.0
VI17012,V7866,P016,2023-02-25,2023-02-26,2023-02-27,,180.0
VI11582,V7867,P013,2023-05-12,2023-05-13,2023-05-15,,170.0
VI16309,V7867,P015,2023-05-12,2023-05-13,2023-05-15,,70.0
VI11185,V7870,P012,2023-07-02,2023-07-05,2023-07-10,2023-07-14,150.0
VI19917,V7872,P012,2019-10-20,2019-10-22,,,150.0
VI11643,V7876,P016,2022-04-16,,,,162.0
VI15525,V7876,P013,2022-04-16,,,,170.0
VI17226,V7878,P016,2023-01-11,2023-01-14,2023-01-22,,162.0
VI17569,V7885,P012,2021-05-08,,,,150.0
VI16738,V7886,P015,2022-08-23,,,,70.0
VI18630,V7886,P015,2022-08-23,,,,70.0
VI16115,V7889,P014,2022-11-17,2022-11-20,2022-11-24,2022-12-14,60.0
VI10687,V7890,P015,2023-02-11,,,,70.0
VI14235,V7890,P013,2023-02-11,,,,170.0
VI16381,V7892,P013,2022-03-15,,,,170.0
VI13969,V7908,P013,2021-04-17,,,,170.0
VI19029,V7908,P015,2021-04-17,,,,70.0
VI11711,V7915,P014,2022-10-30,2022-10-31,2022-11-03,,60.0
VI15322,V7921,P013,2020-09-30,2020-10-03,2020-10-10,,170.0
VI12278,V7923,P013,2022-06-28,,,,170.0
VI13580,V7924,P014,2022-01-25,2022-01-28,2022-02-04,2022-02-15,60.0
VI16374,V7925,P012,2022-06-02,2022-06-04,2022-06-14,,150.0
VI15885,V7942,P013,2021-04-26,2021-04-29,2021-05-02,2021-05-06,170.0
VI10865,V7946,P012,2023-02-19,2023-02-22,,,150.0
VI12231,V7949,P013,2023-05-17,2023-05-18,2023-05-23,2023-05-31,170.0
VI12338,V7951,P013,2021-11-21,,,,153.0
VI12625,V7952,P015,2023-03-07,,,,70.0
VI14771,V7962,P014,2023-03-29,2023-03-30,2023-04-06,,60.0
VI19206,V7971,P012,2023-01-28,2023-01-30,2023-02-03,2023-02-06,150.0
VI12523,V7972,P015,2022-10-22,,,,70.0
VI16527,V7975,P016,2022-07-29,2022-08-01,2022-08-02,,180.0
VI18009,V7977,P013,2022-04-22,,,,170.0
VI11244,V7979,P012,2021-09-30,,,,150.0
VI10604,V7981,P012,2021-12-13,2021-12-15,,,150.0
VI19674,V7987,P015,2020-07-08,2020-07-11,2020-07-16,,70.0
VI12281,V7989,P014,2023-06-27,,,,60.0
VI13544,V7998,P012,2022-12-22,,,,150.0
VI15756,V8011,P013,2023-04-04,2023-04-07,2023-04-10,2023-04-25,170.0
VI15145,V8012,P012,2022-10-27,2022-10-28,2022-11-07,,150.0
VI16332,V8013,P012,2020-12-23,2020-12-25,,,120.0
VI15596,V8016,P013,2021-04-30,2021-05-03,2021-05-11,,170.0
VI12802,V8027,P013,2022-01-21,2022-01-24,2022-02-01,,170.0
VI13228,V8028,P012,2021-04-01,,,,150.0
VI12693,V8031,P014,2021-06-05,2021-06-06,,,60.0
VI12965,V8036,P015,2023-02-10,2023-02-13,2023-02-16,2023-03-10,70.0
VI19945,V8039,P013,2023-05-16,,,,170.0
VI19160,V8046,P016,2022-09-21,2022-09-23,2022-09-30,2022-10-18,180.0
VI18694,V8063,P015,2023-05-14,2023-05-15,2023-05-24,2023-06-02,70.0
VI15946,V8070,P016,2022-11-10,2022-11-12,,,180.0
VI19517,V8071,P015,2022-12-18,,,,70.0
VI16081,V8072,P012,2020-09-30,,,,150.0
VI18830,V8074,P016,2022-03-24,,,,180.0
VI12028,V8076,P016,2023-01-14,2023-01-16,2023-01-19,2023-02-04,180.0
VI12368,V8078,P015,2022-12-21,,,,70.0
VI16506,V8079,P013,2022-08-18,,,,170.0
VI15607,V8086,P016,2021-11-13,2021-11-16,2021-11-21,,180.0
VI17586,V8097,P012,2023-01-03,2023-01-04,2023-01-08,2023-01-21,150.0
VI11019,V8103,P016,2022-12-26,,,,180.0
VI16451,V8121,P014,2023-06-22,2023-06-25,,,60.0
VI16737,V8128,P013,2023-05-03,,,,170.0
VI10801,V8130,P014,2022-12-15,,,,60.0
VI14954,V8130,P013,2022-12-15,,,,170.0
VI14254,V8140,P015,2022-06-06,,,,70.0
VI17602,V8142,P016,2020-11-06,2020-11-09,2020-11-19,,180.0
VI16915,V8154,P013,2023-07-01,,,,170.0
VI14691,V8159,P014,2020-07-27,2020-07-30,,,60.0
VI12285,V8166,P016,2021-09-04,2021-09-05,2021-09-08,2021-09-14,180.0
VI13488,V8169,P014,2022-08-08,,,,60.0
VI10153,V8171,P016,2023-01-07,2023-01-08,2023-01-11,,180.0
VI14577,V8176,P014,2020-03-23,2020-03-25,2020-04-01,,60.0
VI12566,V8182,P012,2023-04-07,,,,150.0
VI11802,V8185,P014,2023-05-27,2023-05-28,2023-06-05,2023-07-04,60.0
VI18385,V8191,P012,2022-11-19,2022-11-22,2022-11-26,,150.0
VI13249,V8194,P016,2023-06-26,,,,162.0
VI17968,V8195,P013,2023-06-29,2023-07-02,2023-07-11,2023-07-19,170.0
VI10734,V8196,P013,2022-03-05,2022-03-06,2022-03-07,,170.0
VI12678,V8210,P015,2021-11-25,2021-11-28,,,70.0
VI13136,V8211,P014,2021-12-06,2021-12-08,2021-12-10,,60.0
VI12764,V8214,P014,2022-01-22,,,,60.0
VI13675,V8225,P014,2022-05-02,2022-05-04,,,60.0
VI16047,V8239,P016,2021-02-22,2021-02-23,,,180.0
VI13400,V8249,P016,2023-05-02,,,,180.0
VI16743,V8249,P012,2023-05-02,,,,150.0
VI11639,V8256,P015,2023-03-15,,,,70.0
VI14343,V8257,P016,2023-02-26,2023-02-27,,,180.0
VI10442,V8263,P016,2022-10-03,2022-10-05,2022-10-10,2022-10-21,180.0
VI18407,V8274,P012,2023-04-05,,,,150.0
VI18746,V8275,P016,2022-03-15,,,,180.0
VI10547,V8283,P016,2022-12-18,2022-12-20,2022-12-23,,180.0
VI18393,V8292,P012,2023-06-18,2023-06-19,,,150.0
VI13714,V8294,P016,2023-03-27,2023-03-30,2023-04-09,,180.0
VI17527,V8299,P015,2020-12-19,2020-12-21,2020-12-27,,70.0
VI18912,V8300,P012,2023-05-04,2023-05-06,2023-05-09,2023-06-05,150.0
VI12474,V8302,P013,2022-01-20,,,,170.0
VI12246,V8307,P015,2023-02-06,,,,70.0
VI18676,V8307,P013,2023-02-06,,,,170.0
VI14423,V8308,P012,2023-02-25,,,,150.0
VI13019,V8310,P014,2021-07-15,,,,60.0
VI17323,V8334,P013,2020-02-23,,,,170.0
VI15096,V8343,P013,2021-09-18,2021-09-20,2021-09-28,2021-10-12,170.0
VI11927,V8345,P013,2023-04-11,2023-04-14,2023-04-20,2023-05-03,170.0
VI16236,V8347,P013,2023-06-08,2023-06-10,2023-06-11,2023-07-07,170.0
VI17411,V8357,P015,2021-04-20,,,,56.0
VI11160,V8364,P014,2023-05-10,2023-05-11,2023-05-16,2023-06-01,60.0
VI19263,V8377,P015,2023-06-20,,,,70.0
VI18006,V8381,P013,2019-08-11,2019-08-12,,,170.0
VI15318,V8382,P012,2023-01-04,2023-01-05,2023-01-08,2023-01-30,150.0
VI14619,V8386,P014,2023-04-19,2023-04-21,,,60.0
VI11152,V8403,P012,2022-11-18,2022-11-21,,,150.0
VI16626,V8408,P015,2022-09-22,,,,70.0
VI11969,V8413,P012,2022-12-18,2022-12-21,,,150.0
VI14057,V8415,P013,2022-10-02,2022-10-04,,,170.0
VI12516,V8442,P016,2020-03-17,2020-03-19,2020-03-20,2020-04-19,162.0
VI14872,V8443,P016,2023-06-26,2023-06-28,,,180.0
VI16392,V8443,P012,2023-06-26,2023-06-28,,,150.0
VI13663,V8446,P012,2023-06-29,2023-07-02,2023-07-05,2023-07-26,150.0
VI15068,V8449,P012,2023-02-01,,,,150.0
VI10009,V8456,P012,2022-10-20,2022-10-23,2022-10-24,2022-10-29,150.0
VI15865,V8457,P014,2023-03-04,2023-03-07,2023-03-13,,60.0
VI11944,V8459,P016,2022-04-10,2022-04-12,,,180.0
VI18629,V8463,P012,2022-12-15,,,,150.0
VI15144,V8470,P014,2021-08-07,2021-08-08,,,60.0
VI17549,V8472,P015,2022-06-17,,,,70.0
VI12124,V8474,P012,2020-11-01,,,,150.0
VI16610,V8474,P014,2020-11-01,,,,60.0
VI17417,V8478,P015,2023-05-03,,,,70.0
VI15735,V8480,P013,2022-04-29,2022-04-30,2022-05-06,2022-05-29,170.0
VI11892,V8492,P016,2022-04-23,2022-04-25,2022-04-30,,162.0
VI16666,V8492,P016,2022-04-23,2022-04-25,2022-04-30,,180.0
VI13056,V8493,P015,2022-08-24,2022-08-27,,,70.0
VI16784,V8495,P013,2023-03-09,,,,170.0
VI16491,V8497,P014,2023-05-09,,,,60.0
VI15921,V8501,P014,2022-03-12,2022-03-14,2022-03-16,2022-04-15,60.0
VI16811,V8522,P014,2020-03-16,,,,60.0
VI18980,V8530,P012,2023-02-26,,,,150.0
VI17318,V8535,P015,2021-12-09,2021-12-10,2021-12-16,,70.0
VI15821,V8537,P015,2021-10-06,,,,70.0
VI17829,V8540,P016,2023-06-10,2023-06-13,2023-06-17,2023-06-30,180.0
VI19526,V8560,P013,2022-05-08,2022-05-11,2022-05-20,,170.0
VI10404,V8561,P013,2020-05-27,2020-05-30,2020-05-31,,153.0
VI12264,V8569,P014,2022-12-13,,,,60.0
VI15944,V8571,P015,2021-05-11,2021-05-14,,,56.0
VI19297,V8574,P014,2022-09-06,,,,60.0
VI14600,V8575,P014,2020-05-25,2020-05-27,2020-06-06,2020-06-09,60.0
VI12433,V8580,P013,2021-08-27,,,,170.0
VI18936,V8581,P012,2023-01-22,,,,150.0
VI14255,V8593,P014,2022-12-15,,,,60.0
VI16575,V8611,P014,2022-03-19,2022-03-20,2022-03-24,,60.0
VI10552,V8612,P015,2023-06-29,,,,70.0
VI15889,V8622,P012,2022-06-22,2022-06-24,,,150.0
VI13185,V8629,P015,2023-06-28,2023-07-01,2023-07-10,,70.0
VI19092,V8631,P015,2023-05-14,2023-05-17,2023-05-21,,56.0
VI19813,V8634,P014,2023-06-11,2023-06-14,2023-06-20,2023-06-25,60.0
VI12588,V8637,P012,2023-03-11,2023-03-12,2023-03-19,,150.0
VI17580,V8638,P014,2022-01-02,,,,60.0
VI19542,V8640,P014,2022-03-21,2022-03-24,2022-03-27,,60.0
VI16060,V8664,P012,2022-06-17,2022-06-20,2022-06-29,2022-07-09,150.0
VI17354,V8673,P012,2023-03-15,,,,150.0
VI12299,V8675,P016,2020-06-18,2020-06-20,2020-06-26,,180.0
VI14071,V8676,P013,2023-07-01,2023-07-03,,,170.0
VI13686,V8688,P015,2022-06-22,2022-06-24,,,70.0
VI17563,V8688,P012,2022-06-22,2022-06-24,,,150.0
VI11376,V8692,P012,2020-07-05,,,,120.0
VI13183,V8692,P016,2020-07-05,,,,180.0
VI11239,V8698,P015,2021-05-16,,,,70.0
VI10216,V8700,P012,2020-12-04,2020-12-06,2020-12-07,,120.0
VI15898,V8709,P012,2022-08-02,2022-08-05,2022-08-07,,150.0
VI11812,V8710,P012,2023-03-24,,,,150.0
VI15831,V8710,P015,2023-03-24,,,,70.0
VI17401,V8717,P012,2023-05-21,2023-05-22,,,150.0
VI13513,V8720,P014,2021-08-17,2021-08-19,,,60.0
VI15538,V8728,P012,2021-09-29,2021-10-01,2021-10-07,2021-11-02,150.0
VI13481,V8729,P016,2022-12-04,,,,180.0
VI18511,V8740,P012,2019-11-07,,,,150.0
VI18502,V8741,P014,2021-01-31,2021-02-01,,,60.0
VI14903,V8742,P013,2022-08-01,2022-08-02,2022-08-04,2022-08-26,170.0
VI10836,V8745,P014,2022-06-02,2022-06-04,2022-06-13,,60.0
VI16198,V8752,P016,2022-11-06,2022-11-08,2022-11-15,,180.0
VI17330,V8756,P013,2022-06-11,2022-06-12,2022-06-20,2022-06-26,170.0
VI10995,V8758,P013,2022-06-01,2022-06-02,2022-06-10,,170.0
VI15390,V8759,P016,2022-12-23,,,,162.0
VI16750,V8760,P012,2020-08-15,2020-08-18,2020-08-24,,150.0
VI18425,V8766,P012,2023-04-16,,,,150.0
VI12864,V8770,P014,2023-01-24,2023-01-26,2023-01-30,,60.0
VI17294,V8771,P016,2023-04-22,2023-04-24,2023-04-28,,180.0
VI19270,V8772,P013,2023-05-08,2023-05-09,,,170.0
VI11910,V8773,P016,2023-06-08,,,,180.0
VI18829,V8774,P015,2019-06-06,2019-06-08,2019-06-14,,70.0
VI11781,V8789,P013,2022-09-27,,,,170.0
VI11307,V8792,P014,2021-01-10,,,,60.0
VI11640,V8797,P013,2021-10-20,2021-10-22,,,170.0
VI15493,V8800,P013,2022-12-07,2022-12-09,,,170.0
VI12708,V8810,P014,2022-06-05,2022-06-08,2022-06-16,,60.0
VI19997,V8814,P012,2021-01-08,,,,150.0
VI11948,V8816,P014,2022-07-27,2022-07-29,2022-08-01,2022-08-11,60.0
VI16385,V8818,P013,2020-10-30,2020-11-02,2020-11-05,2020-11-19,170.0
VI18453,V8835,P016,2021-02-03,,,,180.0
VI17057,V8842,P013,2023-05-21,2023-05-23,,,170.0
VI17572,V8842,P012,2023-05-21,2023-05-23,,,150.0
VI17308,V8854,P013,2023-01-03,,,,170.0
VI16720,V8862,P015,2023-06-16,,,,70.0
VI19771,V8865,P015,2023-04-21,2023-04-23,,,70.0
VI19198,V8866,P015,2023-05-26,,,,70.0
VI19231,V8868,P012,2022-02-18,,,,150.0
VI19983,V8886,P016,2022-03-22,2022-03-24,,,180.0
VI17225,V8889,P013,2021-12-25,,,,170.0
VI19645,V8905,P013,2022-05-11,2022-05-12,2022-05-18,2022-05-27,153.0
VI15660,V8908,P015,2022-07-23,2022-07-24,2022-08-01,2022-08-29,70.0
VI11608,V8918,P014,2019-12-24,2019-12-27,,,60.0
VI14955,V8922,P015,2023-03-16,,,,70.0
VI15288,V8927,P013,2022-01-04,,,,170.0
VI19054,V8937,P016,2021-03-04,2021-03-05,2021-03-10,2021-03-23,180.0
VI18684,V8938,P013,2022-12-01,2022-12-04,2022-12-14,,170.0
VI12602,V8940,P014,2021-09-21,,,,60.0
VI17269,V8940,P013,2021-09-21,,,,170.0
VI14106,V8944,P016,2021-06-19,,,,180.0
VI19342,V8945,P016,2023-06-08,2023-06-11,,,180.0
VI13730,V8955,P013,2022-09-05,,,,170.0
VI14680,V8961,P015,2023-01-27,,,,70.0
VI15957,V8961,P013,2023-01-27,,,,119.0
VI11682,V8970,P015,2023-06-13,2023-06-16,2023-06-24,2023-06-27,70.0
VI11674,V8972,P015,2021-07-28,,,,70.0
VI10905,V8974,P014,2022-08-17,,,,60.0
VI11136,V8986,P013,2023-06-27,2023-06-28,2023-07-04,,170.0
VI15340,V8988,P012,2023-03-04,,,,150.0
VI13828,V8990,P016,2023-02-03,2023-02-05,2023-02-08,2023-02-19,162.0
VI13866,V8990,P012,2023-02-03,2023-02-05,2023-02-08,2023-02-19,150.0
VI19507,V8991,P015,2023-05-22,,,,70.0
VI13100,V8999,P015,2023-06-14,2023-06-15,2023-06-18,2023-07-12,70.0
VI18242,V8999,P012,2023-06-14,2023-06-15,2023-06-18,2023-07-12,150.0
VI15540,V9000,P016,2023-04-24,2023-04-27,,,180.0
